Video ID,Frames,FPS
TPD5wO_LEPU_2_6,41.0,10
-7KMZQEsJW4_205_208,46.0,15
gHzws6FpuNE_10_12,51.0,25
d-2C_N5anww_1_3,52.0,29
SaOqf2d-y30_22_27,52.0,14
FXWdmIHXS_U_3_10,53.0,7
rOic25PnIx8_1_3,56.0,30
s6QwbmWbSmw_18_24,60.0,10
nTasT5h0LEg_12_14,60.0,29
992zi9V3oiQ_15_17,60.0,29
3OPQqH3YlHA_50_54,60.0,14
DuMkW35BwK8_43_47,60.0,14
fBA_lxUiwSg_2_4,60.0,29
_UqnTFs1BLc_23_27,60.0,14
VyBXcQ1v_cw_7_15,61.0,7
BgoOihBb78w_38_40,61.0,30
UnWgz-mVMXU_2_6,61.0,15
GEXqMH8I3_w_14_18,61.0,15
idXJu0BQRvo_2_6,61.0,15
qRoxNXm7INc_58_66,64.0,7
NjCqtzZ3OtU_303_307,67.0,29
GyIs9B3A1Z0_0_7,68.0,10
gp8XjWSoP2k_0_10,71.0,7
953PkxFNiko_82_85,72.0,23
xxHx6s_DbUo_162_165,72.0,23
xxHx6s_DbUo_98_101,72.0,23
xxHx6s_DbUo_158_161,72.0,23
xxHx6s_DbUo_41_44,72.0,23
Ne87egvJnWo_0_3,74.0,25
YZ0-6hdQ0mU_0_3,75.0,24
2Nn2CAeaI5k_72_77,75.0,14
eVSQiPbepXg_44_49,75.0,14
jMO3jGQeqyk_3_6,76.0,25
X98fLZHIzWQ_15_20,76.0,15
rw9h_574HxE_251_254,76.0,25
GEXqMH8I3_w_63_68,76.0,15
CwPfvoqmV1Q_58_61,76.0,25
Okg8QYhdtvU_48_53,76.0,15
FoL7aWvpvNs_199_204,76.0,15
2KrdBUFeFtY_22_27,76.0,15
lcu-DwrnYY8_2_5,76.0,25
93n_oYVCLpk_9_12,76.0,25
q3I3R_gqy8M_34_37,76.0,25
xlPyHMkpaQY_1_7,79.0,29
TPhpsIK7pDc_25_32,84.0,11
aRo8x3xXeEA_3_8,86.0,24
Li3umATsU0E_1_5,88.0,29
p7IAuvd87hQ_12_19,89.0,12
0lh_UWF9ZP4_157_160,90.0,29
cSDkshD2ME0_11_14,90.0,29
cSDkshD2ME0_12_15,90.0,29
2YhDTpzxd3c_98_101,90.0,29
0lh_UWF9ZP4_79_82,90.0,29
yg4aNiO1JnI_111_114,90.0,29
2YhDTpzxd3c_102_105,90.0,29
jZ8X8e7eRVk_24_27,90.0,29
GWQTAe64m-0_91_94,90.0,29
yREFkmrrYiw_51_57,90.0,14
16iNk1hLJt4_37_40,90.0,29
J---aiyznGQ_0_6,90.0,14
z0zb--BOhDY_16_22,90.0,14
PCXHuseKwDc_17_20,90.0,29
nTasT5h0LEg_40_43,90.0,29
88DOMJ11q2M_84_87,90.0,29
IWhrWLOAin0_1_4,90.0,29
IY1Fn796MoY_7_10,90.0,29
7OGizkf_JEo_191_194,90.0,29
3zgEl-OLFKE_12_15,90.0,29
w9mqbwOIkVg_6_12,90.0,14
lmCrIZeob4w_23_26,90.0,29
C_DDjCRxTxQ_1_4,90.0,29
Lw0eGsYxElA_11_14,90.0,29
W6_XuNhgtrM_2_5,90.0,29
5L5MoemWC6g_10_13,90.0,29
J7zb8YXrmIA_93_99,90.0,14
5K7Ru5s6YIw_8_11,90.0,29
5-8z5U-o4O4_0_3,90.0,29
zv2RIbUsnSw_159_162,90.0,29
qeKX-N1nKiM_74_77,90.0,29
Gn4Iv5ARIXc_37_40,90.0,29
9LSuyLyuUiM_3_6,90.0,29
Hd-NeIhbYGc_28_31,90.0,29
mOZkcBcWR8o_6_12,90.0,14
PeUHy0A1GF0_74_77,90.0,29
vuvpbeQak9Q_23_29,91.0,15
PAN5IVvMlVc_17_23,91.0,15
4wT7zM8XgXQ_5_11,91.0,15
k8l4ETsylVY_9_18,91.0,30
s7znbqra118_91_97,91.0,15
klteYv1Uv9A_27_33,91.0,15
nULE40HEWpA_5_11,91.0,15
kJY5BRCNAs4_3_6,91.0,30
PslVHtXc7Tg_8_14,91.0,15
e40bBP0_AbE_64_67,91.0,30
qvg9eM4Hmzk_4_10,91.0,15
dfOuTx66bJU_11_14,91.0,30
H7vezmDeZaw_2_7,93.0,20
xxHx6s_DbUo_36_40,96.0,23
xxHx6s_DbUo_173_177,96.0,23
xxHx6s_DbUo_182_186,96.0,23
glrijRGnmc0_211_215,96.0,23
mbesJaS6vwg_187_195,96.0,11
iuqVpMdb1NM_35_43,96.0,11
JhCvLmf9yr0_46_50,96.0,23
xxHx6s_DbUo_82_86,96.0,23
xxHx6s_DbUo_57_61,96.0,23
xxHx6s_DbUo_32_36,96.0,23
OIjsSu_I4So_6_10,96.0,23
Kqb-mmkEWqU_1_5,97.0,24
XtQdAPV2UZs_4_11,97.0,15
zkTn5Ef1Oig_71_75,98.0,24
pzq5fPfsPZg_29_33,100.0,24
Cjf21Y19aUQ_82_86,101.0,25
rw9h_574HxE_70_74,101.0,25
FavUpD_IjVY_22_26,101.0,25
ItFqogTmAvQ_48_52,101.0,25
k4hhWYtaQ14_0_10,101.0,10
Afmc6FeN-hM_20_24,101.0,25
IBgsLmDcL78_80_84,101.0,25
HJHPB_Y8GZE_259_263,101.0,25
3I9tSDU-OSk_17_22,101.0,20
77iDIp40m9E_119_123,101.0,25
IytNBm8WA1c_63_67,101.0,25
FH8vgAp4VDU_10_14,101.0,25
ggWzbEFC-RE_1_11,101.0,10
JIoiUNOXGaI_8_13,101.0,20
ItFqogTmAvQ_361_365,101.0,25
ao-9B8IV9_E_77_81,101.0,25
xEDCfcMZlZY_37_41,101.0,25
q3I3R_gqy8M_38_42,101.0,25
97JhYpoWxzY_0_4,101.0,25
53dc4z7HLyg_25_29,101.0,25
ao-9B8IV9_E_217_221,101.0,25
DBvSfds3FH4_76_80,101.0,25
FWzsXeXCwuc_106_110,101.0,25
DBvSfds3FH4_84_88,101.0,25
xb-Nacm-pKc_78_82,101.0,25
dq7agmFWkq0_5_9,101.0,25
UhI-p6AysWY_25_30,101.0,49
psXeA8sSYdI_25_30,101.0,20
yfMTsYcLt10_0_7,105.0,15
ywMLb2VfHbI_13_20,105.0,14
hW8TKz2Aea4_5_12,105.0,14
EPgQ9QwbsLE_16_23,106.0,15
yAD_TS5L2d4_4_11,106.0,15
zBrC1GmA0Qg_26_33,106.0,15
Ly5D0z9gKtc_15_20,106.0,29
nLz0QuerH1c_8_15,106.0,15
lFdg5CWMTt0_24_28,106.0,26
j2Dhf-xFUxU_13_20,106.0,15
Ya-MkA187c8_36_45,108.0,11
vub04F8CWng_32_41,108.0,11
80D0ylOqPJ8_0_5,108.0,25
5YJaS2Eswg0_22_26,113.0,30
gnEE6oWoz7U_124_132,113.0,14
MoqC84sXu88_47_59,117.0,10
OvRmRN1-O0Q_21_25,120.0,29
WTf5EgVY5uU_15_19,120.0,29
4z3b4mnw5y4_56_60,120.0,29
4yf2WP6K1gQ_28_32,120.0,29
KqKUXRHHkCc_101_105,120.0,29
WTf5EgVY5uU_54_58,120.0,29
JXSkYkiKO0I_42_46,120.0,29
xXlWsBhFvis_6_10,120.0,29
zSPBC8EO6dY_122_126,120.0,29
6ZhKOK08tgM_45_49,120.0,29
rQuNYxNmA6M_0_4,120.0,29
rVFJzN20jhQ_27_32,120.0,23
1Sp2__RCT0c_11_15,120.0,29
t3VPeyYL-fI_35_39,120.0,29
klFyrnrUSck_42_46,120.0,29
nLvX-erABqY_67_72,120.0,23
2YhDTpzxd3c_166_170,120.0,29
IhzXQ-gc9IQ_125_129,120.0,29
WTf5EgVY5uU_94_98,120.0,29
PmrTDZy3f2M_35_39,120.0,29
0lh_UWF9ZP4_174_178,120.0,29
JXSkYkiKO0I_112_116,120.0,29
0lh_UWF9ZP4_27_31,120.0,29
IhwPQL9dFYc_171_175,120.0,29
0lh_UWF9ZP4_178_182,120.0,29
b4mJ3AQc-ag_30_34,120.0,29
5zkCnHUnoYY_69_74,120.0,23
MMnnqzOoMF0_68_72,120.0,29
MSrJTeKNzdI_32_36,120.0,29
-wa0umYJVGg_286_290,120.0,29
6Q3ltyPJJMQ_67_72,120.0,23
gqSOvUH_njE_151_155,120.0,29
UoPU8F9mus8_258_262,120.0,29
xCFCXzDUGjY_5_9,120.0,29
IhwPQL9dFYc_143_147,120.0,29
9LOJmQQktHA_10_18,120.0,14
qeKX-N1nKiM_68_72,120.0,29
WTf5EgVY5uU_100_104,120.0,29
WTf5EgVY5uU_104_108,120.0,29
WTf5EgVY5uU_124_128,120.0,29
WPG-BIWOrG4_130_134,120.0,29
9HTUcMjWB3g_134_138,120.0,29
nlU3crMsbWI_19_23,120.0,29
UbmZAe5u5FI_111_115,120.0,29
UbmZAe5u5FI_36_40,120.0,29
PeUHy0A1GF0_51_55,120.0,29
DhwrBs96Kgk_120_124,120.0,29
UXs3eq68ZjE_246_250,120.0,29
0hyZ__3YhZc_279_283,120.0,29
PeUHy0A1GF0_28_32,120.0,29
PHDmVhShE80_82_86,120.0,29
PHDmVhShE80_78_82,120.0,29
32_A0-er4Ws_16_20,120.0,29
UJKythlXAIY_17_21,120.0,29
EdrZtaBUXIo_25_29,120.0,29
tn-Hoz4KbkE_89_93,120.0,29
lvFYUmDSOvU_34_38,120.0,29
2HpZvL-_fiY_40_44,120.0,29
O_NWtDShLeg_21_25,120.0,29
0hyZ__3YhZc_380_384,120.0,29
0hyZ__3YhZc_352_356,120.0,29
2YhDTpzxd3c_45_49,120.0,29
7s0AXJtLL0Y_57_61,120.0,29
puineN1UMto_25_29,120.0,29
-_aaMGK6GGw_57_61,120.0,29
PeUHy0A1GF0_62_66,120.0,29
6t0BpjwYKco_80_84,120.0,29
-AwoiGR6c8M_10_14,120.0,29
-rkErLY0rRc_63_67,120.0,29
xxHx6s_DbUo_202_207,120.0,23
Qp-k0H93iJE_35_39,120.0,29
tYh4iDFgmEE_10_14,120.0,29
9BScZRpF7SI_31_36,120.0,23
PeUHy0A1GF0_99_103,120.0,29
ulPvRmNfXK4_96_100,120.0,29
ArEWo8pERFc_17_21,120.0,29
tYh4iDFgmEE_50_54,120.0,29
R8FDJgVW3Vc_0_4,120.0,29
me1D1WZ0yNM_120_124,120.0,29
6t0BpjwYKco_254_258,120.0,29
6t0BpjwYKco_179_183,120.0,29
n_Z0-giaspE_379_387,121.0,15
nPj6EcVGoUY_7_15,121.0,15
fcvW1vr8hAs_104_108,121.0,30
lexLAjh8fPA_27_31,121.0,30
n_Z0-giaspE_270_278,121.0,15
BVjvRpmHg0w_47_51,121.0,30
swKrHEeOj9c_4_8,121.0,30
6gQu8PWhFoQ_37_41,121.0,30
R24RktgUi-s_24_28,121.0,30
oG6LLGi_n48_51_55,121.0,30
MrMG15y3rWU_5_13,121.0,15
pRpeEdMmmQ0_65_70,121.0,24
JIoiUNOXGaI_98_104,121.0,20
0k1Ak8aTMVI_4_12,121.0,15
ZL7P_XmSnEY_205_209,121.0,30
1mIyMRPV8kg_9_17,121.0,15
qvg9eM4Hmzk_1_9,121.0,15
bruzcOyIGeg_4_12,121.0,15
yNy9jTeolUk_8_12,121.0,30
WqwcWk1In_g_46_54,121.0,15
0vmoZEaN_-o_4_12,121.0,15
4ge5_V-xhP0_138_142,121.0,30
ptHkvYrH9fY_2_10,121.0,15
LEz0puaKNTk_38_48,121.0,12
zkTn5Ef1Oig_70_75,122.0,24
504gE1DA_4g_1_6,122.0,30
hXn7D6-AAMA_0_9,122.0,15
02Z-kuB3IaM_2_13,123.0,12
o4OsYxsNGMI_77_82,126.0,25
a1Y73sPHKxw_0_5,126.0,25
MHIVmf42Ao4_31_36,126.0,25
AjZ-R3LFMzo_18_23,126.0,25
LQ-jv8g1YVI_1_6,126.0,25
ItFqogTmAvQ_281_286,126.0,25
I9gLTZY1ouc_142_147,126.0,25
ejgwQqCHN1E_7_12,126.0,25
zr9OeyfLPPY_4_9,126.0,25
77iDIp40m9E_126_131,126.0,25
30GeJHYoerk_80_85,126.0,25
hNOzHvsEmg4_31_36,126.0,25
30GeJHYoerk_121_126,126.0,25
lB1UPJ4leqs_1_6,126.0,25
9Bxknsvy3jQ_53_58,126.0,25
ngHDYzhDBk4_24_29,126.0,25
rw9h_574HxE_13_18,126.0,25
Z19zFlPah-o_6_11,126.0,25
1kYWws89W3Y_0_5,126.0,25
urXDqw3S34I_12_17,126.0,25
ETUJipdnfOM_0_5,126.0,25
SzEbtbNSg04_88_93,126.0,25
iwpnUHFhjWc_9_14,126.0,25
W20Btaww6zc_134_139,126.0,25
_QJbjKkfdcs_52_57,126.0,25
FWzsXeXCwuc_111_116,126.0,25
rw9h_574HxE_161_166,126.0,25
nTUONeDqhdk_10_15,126.0,25
AjZ-R3LFMzo_5_10,126.0,25
BefkDBj5gSw_104_109,126.0,25
BtQEY2SL4g4_11_16,126.0,25
krAk8WPZRL4_207_212,126.0,25
D9I1Z6O_mbw_141_146,126.0,25
s0hwEUC5emA_127_132,126.0,25
ao-9B8IV9_E_72_77,126.0,25
omGWjiwxcTE_18_23,126.0,25
pptYu3YQnxY_160_170,126.0,12
kZfBt5me3Pg_2_7,126.0,25
Mutb8BHFvzk_15_20,126.0,25
BLXzfdNmydQ_151_156,126.0,25
s_ldnx8_etY_32_54,133.0,6
TZ860P4iTaM_11_20,135.0,14
71soiLO6I9U_15_24,135.0,14
j2Dhf-xFUxU_20_29,136.0,15
g9aZcaEg7iY_0_9,136.0,15
Wnz3IevSNg0_1_8,136.0,25
GPT4vUwlrXY_1_10,136.0,15
1TjqADyYyxI_36_45,136.0,15
yC4eEuURH8c_19_28,136.0,15
MTjrZthHwJQ_2_11,136.0,15
05Gtb7_9tLU_0_9,136.0,15
RMznbCn5sQs_0_10,140.0,13
JIoiUNOXGaI_34_41,141.0,20
TvBsaMgqh5s_61_68,141.0,20
wpUT0DNB3qs_9_19,141.0,14
Q6HuQEIJqcA_9_16,141.0,20
CL49s8bO6Fg_1_11,143.0,15
lGk1MA6YP-M_36_48,144.0,11
6JnGBs88sL0_4_10,144.0,23
ZvJvNcukZ4w_0_10,144.0,15
8CzlhZtunNc_5_11,144.0,23
E6sqA9QtV5I_195_201,144.0,23
bK-i_FAcpoY_86_92,144.0,23
kKGehSw5ht8_39_45,144.0,23
Tm1HjqK0ABg_9_15,144.0,23
xxHx6s_DbUo_216_222,144.0,23
NNYLo1OeZ-Q_48_54,144.0,23
gtixLEvO2Us_0_6,145.0,24
aJoDt4DMkFU_118_124,145.0,24
XzCcRzEa83U_39_46,146.0,25
6RlYLTU5gvM_18_24,149.0,49
hcCLIzzB1jQ_1_7,149.0,25
9Wr48VFhZH8_45_50,150.0,29
Je3V7U5Ctj4_760_765,150.0,29
PeUHy0A1GF0_68_73,150.0,29
Je3V7U5Ctj4_582_587,150.0,29
qew09qQgMAg_22_27,150.0,29
Je3V7U5Ctj4_558_563,150.0,29
PqvKNqkGI9o_47_52,150.0,29
u9prcUCHlqM_235_241,150.0,24
Je3V7U5Ctj4_634_639,150.0,29
uGDuIyfJXXg_23_33,150.0,14
Lt1JijkvSKk_0_10,150.0,14
nZSFn51l3hc_480_485,150.0,29
G_hxdUG6QXE_23_28,150.0,29
IiIiY6o-C9k_59_64,150.0,29
H1Bok7Dg7g8_21_26,150.0,29
tJHUH9tpqPg_113_118,150.0,29
IhwPQL9dFYc_124_129,150.0,29
DKZg4kIEa0A_31_36,150.0,29
NjCqtzZ3OtU_62_67,150.0,29
pqTWUzehCUM_42_47,150.0,29
KPPCwmU5OHQ_467_472,150.0,29
qIk_Dz5XE5E_104_109,150.0,29
KrBeBabazDU_15_20,150.0,29
Kxa0mnDj0bs_15_20,150.0,29
qhknaG9ifbs_122_127,150.0,29
Goj131_GxYs_2_7,150.0,29
o_mWZWcm2r4_10_15,150.0,29
PeUHy0A1GF0_122_127,150.0,29
qBFSt85-xqk_15_20,150.0,29
pzq5fPfsPZg_51_57,150.0,24
Je3V7U5Ctj4_768_773,150.0,29
Je3V7U5Ctj4_956_961,150.0,29
PD6eQY7yCfw_32_37,150.0,29
ACOmKiJDkA4_49_54,150.0,29
r4qv_BNlQNk_93_98,150.0,29
PAm82v0AMFc_5_10,150.0,29
r4qv_BNlQNk_119_124,150.0,29
ID2xXlUENG0_19_24,150.0,29
HM-ZDoRWiH4_0_5,150.0,29
nd0ToNwccl4_12_17,150.0,29
EBWPZIjtnTM_1_6,150.0,29
JledeVyklPw_1_6,150.0,29
Aa7yf9XtcJM_45_50,150.0,29
G6w6kO8UPyg_31_41,150.0,14
EVqc7e8JCco_5_15,150.0,14
JktNQQnLblQ_4_9,150.0,29
UXs3eq68ZjE_280_285,150.0,29
9LHg5RUGukI_63_68,150.0,29
jv-eV6jR3Qw_7_12,150.0,29
3FnUTQMJVXI_31_36,150.0,29
jmoT2we_rqo_0_5,150.0,29
jdAbpLooDgM_10_15,150.0,29
Z10_CDPQKKs_1_6,150.0,29
2YhDTpzxd3c_240_245,150.0,29
k-SWy-sU8cE_5_10,150.0,29
2YhDTpzxd3c_22_27,150.0,29
2YhDTpzxd3c_115_120,150.0,29
_6OTzzK7t9Y_73_78,150.0,29
y8SDRc4IOjs_94_99,150.0,29
1qU-kF-km1Q_6_16,150.0,14
_WRC7HXBJpU_386_391,150.0,29
aGUx0QOKWXw_7_12,150.0,29
2YhDTpzxd3c_149_154,150.0,29
1RchFBCT9JU_43_53,150.0,14
YRSOc193Pxc_68_73,150.0,29
4_WZN7uW0NY_140_145,150.0,29
VF1K_6ZSOAY_23_28,150.0,29
VahnQw2gTQY_288_293,150.0,29
VahnQw2gTQY_315_320,150.0,29
VahnQw2gTQY_322_327,150.0,29
5fDBl1wT2Lk_34_39,150.0,29
5QJf-l4lPJw_133_138,150.0,29
Wv3u2q3oGeU_35_45,150.0,14
WPG-BIWOrG4_608_613,150.0,29
WPG-BIWOrG4_672_677,150.0,29
WTf5EgVY5uU_130_135,150.0,29
WTf5EgVY5uU_18_23,150.0,29
Pr5LQq42l4M_12_17,150.0,29
kquB3rIgfGk_640_645,150.0,29
kquB3rIgfGk_197_202,150.0,29
WPG-BIWOrG4_635_640,150.0,29
yYA7YXIKbg4_9_14,150.0,29
0lh_UWF9ZP4_82_87,150.0,29
0lh_UWF9ZP4_21_26,150.0,29
hJFBXHtxKIc_118_123,150.0,29
cs33MNhpRNw_16_21,150.0,29
-wa0umYJVGg_271_276,150.0,29
dtn0PuxgfkM_0_5,150.0,29
-mAoVOhKy0c_4_9,150.0,29
ge7OOILJA6U_20_25,150.0,29
hJFBXHtxKIc_163_168,150.0,29
-bjOB4zS0uE_100_105,150.0,29
eVSQiPbepXg_83_93,150.0,14
zhLcONtNkew_16_21,150.0,29
fr9H1WLcF1A_256_261,150.0,29
fF89MasBFLw_321_326,150.0,29
-9CUm-2cui8_39_44,150.0,29
fMXfphSi6Yw_7_12,150.0,29
gHyXstpe_N8_95_100,150.0,29
cUW_bXll6YM_390_395,150.0,29
hJFBXHtxKIc_204_209,150.0,29
hJFBXHtxKIc_225_230,150.0,29
hbE29pZh76I_3_8,150.0,29
0lh_UWF9ZP4_165_170,150.0,29
hW8TKz2Aea4_40_50,150.0,14
0hyZ__3YhZc_632_637,150.0,29
0hyZ__3YhZc_598_603,150.0,29
0hyZ__3YhZc_575_580,150.0,29
hNECyt6Bo0A_5_10,150.0,29
0hyZ__3YhZc_485_490,150.0,29
c2MwqFYVE7A_40_45,150.0,29
hJFBXHtxKIc_317_322,150.0,29
hJFBXHtxKIc_310_315,150.0,29
hJFBXHtxKIc_298_303,150.0,29
cCmnN96zIeQ_14_24,150.0,14
0hyZ__3YhZc_302_307,150.0,29
hJFBXHtxKIc_286_291,150.0,29
lSnWhsmlGec_5_10,150.0,29
lb8J2zCQTlo_3_8,150.0,29
qeKX-N1nKiM_0_5,150.0,29
8MVo7fje_oE_139_144,150.0,29
8MVo7fje_oE_166_171,150.0,29
6owu8Mow0_g_384_389,150.0,29
lfGlDg47How_93_98,150.0,29
6owu8Mow0_g_692_697,150.0,29
8MVo7fje_oE_153_158,150.0,29
8MVo7fje_oE_125_130,150.0,29
6owu8Mow0_g_850_855,150.0,29
8MVo7fje_oE_113_118,150.0,29
8MVo7fje_oE_108_113,150.0,29
6t0BpjwYKco_105_110,150.0,29
8MVo7fje_oE_180_185,150.0,29
UXs3eq68ZjE_508_513,150.0,29
lsanQj2yacs_80_85,150.0,29
6t0BpjwYKco_200_205,150.0,29
UXs3eq68ZjE_209_214,150.0,29
UXs3eq68ZjE_382_387,150.0,29
UXs3eq68ZjE_320_325,150.0,29
UXs3eq68ZjE_313_318,150.0,29
UXs3eq68ZjE_235_240,150.0,29
UXs3eq68ZjE_250_255,150.0,29
Hd-NeIhbYGc_43_48,150.0,29
6t0BpjwYKco_71_76,150.0,29
UXs3eq68ZjE_49_54,150.0,29
8MVo7fje_oE_85_90,150.0,29
UXs3eq68ZjE_255_260,150.0,29
6owu8Mow0_g_275_280,150.0,29
Qtu-PXuvCx4_12_17,150.0,29
Qwn0Ni9G5ow_64_69,150.0,29
R2DvpPTfl-E_20_25,150.0,29
RQYLGNbal2c_5_10,150.0,29
98Alrg4pFXs_148_153,150.0,29
QT8iCDc7NGU_18_23,150.0,29
lfGlDg47How_110_115,150.0,29
9LHg5RUGukI_58_63,150.0,29
8PQiaurIiDM_94_99,150.0,29
6owu8Mow0_g_302_307,150.0,29
6vSKIUGGLvY_81_87,151.0,25
gIvetX_oXeI_85_90,151.0,30
77iDIp40m9E_3_9,151.0,25
HDcIB1e9s5A_28_34,151.0,25
q3I3R_gqy8M_73_79,151.0,25
HJHPB_Y8GZE_22_28,151.0,25
za-9mBZyNfQ_330_336,151.0,25
tcxhOGyrCtI_15_21,151.0,25
fVWUaH2mCt4_1_7,151.0,25
9uDPqigcnzw_36_46,151.0,15
nCtZFOYAlvQ_44_49,151.0,30
edqyq4Q-7uU_103_109,151.0,25
tZmDWltBziM_42_47,151.0,30
S-Civm_fbK8_20_26,151.0,25
7_XASfcYdBk_3_13,151.0,15
Tied-t1fFsk_15_20,151.0,30
ItFqogTmAvQ_240_246,151.0,25
z2kUc8wp9l8_40_46,151.0,25
RSx5G0_xH48_12_17,151.0,30
zCf8NWJ8kzA_47_52,151.0,30
dc4UltkRJsw_53_59,151.0,25
-vg3vR86fu0_1_6,151.0,30
BtQEY2SL4g4_126_132,151.0,25
bLqmf8x7rLI_2_8,151.0,25
dfOuTx66bJU_34_39,151.0,30
uppFvcVwqqY_5_15,151.0,15
m1NR0uNNs5Y_73_78,151.0,30
n_Z0-giaspE_437_447,151.0,15
Fe4tO5vW9_E_64_70,151.0,25
uqVCk2oDpSE_194_200,151.0,25
SzEbtbNSg04_111_117,151.0,25
Rq_VfjGH7kg_104_110,151.0,25
ItFqogTmAvQ_389_395,151.0,25
BtQtRGI0F2Q_15_20,151.0,30
229NvV0SRHw_0_5,151.0,30
jI58q6rcNLc_8_18,151.0,15
BIqVvRh_cEY_143_149,151.0,25
tBj4Ny19vfQ_54_59,151.0,30
BOv-2HzNPaA_7_12,151.0,30
NFxWwI0J3As_78_84,151.0,25
lB1UPJ4leqs_0_6,151.0,25
W8l_ezoU8Lc_156_162,151.0,25
D1tTBncIsm8_248_254,151.0,25
LLkehH86ABY_30_36,151.0,25
Cxxx6wJ1jNo_0_10,151.0,15
5U3xz9Ovmhk_99_105,151.0,25
LacBy2NT3YQ_12_17,151.0,30
5U3xz9Ovmhk_9_15,151.0,25
lKADopH3qFY_0_10,151.0,15
6gQu8PWhFoQ_30_35,151.0,30
CHFXTeQWXjo_206_212,151.0,25
lc9bA-hvqHU_1_6,151.0,30
CBD9h0jUq3w_1_7,151.0,25
LyYJiKxHZz0_0_10,151.0,15
6ZZkO14S7GY_5_15,151.0,15
swJ0zhVJ8DU_15_21,151.0,25
V4q5dQmpxIE_20_30,151.0,15
6sKdTbRkahM_6_12,151.0,25
xgIIcPSh4EU_0_6,151.0,25
pQYEZTwSVbQ_12_18,151.0,25
x_7BrCQdVUs_172_177,151.0,30
jlahRlo4jlU_30_36,151.0,25
rw9h_574HxE_127_133,151.0,25
vz71JKcpeUU_0_10,151.0,15
2jkExrrm_sQ_19_25,151.0,25
Ayh26v6Nies_17_22,151.0,30
3SKyc0aKx70_46_52,151.0,25
Y4gaJn0wlDE_0_10,151.0,15
q-a6NEotUX8_5_10,151.0,30
47D9-U8hn5I_11_16,151.0,30
NVGGgncVq-4_111_117,151.0,25
VLBsAPZ2DDE_58_64,152.0,25
z8dcUzdi2bw_3_16,157.0,12
LqPIBHAmt4E_22_30,161.0,20
C_1cnNdMwxY_0_8,161.0,20
sZf3VDsdDPM_107_114,162.0,23
dMH0bHeiRNg_3_14,165.0,14
cwkjJrGpoaU_30_41,165.0,14
k06Ge9ANKM8_5_16,166.0,15
3doK4FQM5-k_46_57,166.0,15
clpgffj3sUw_1_12,166.0,15
Z8rTzW9Gb6Y_116_123,168.0,23
zulPFoY64wE_26_33,168.0,23
UqBafx3iRKw_22_29,168.0,23
ViWQUOGIaSU_9_16,168.0,23
4MjTb5A68VA_111_118,168.0,23
xxHx6s_DbUo_49_56,168.0,23
xxHx6s_DbUo_121_128,168.0,23
T6lPRKRpu9w_32_39,168.0,23
qLwgb3F0aPU_298_305,168.0,23
Ffv7fhL1EDY_177_184,168.0,23
QhRqJp-CgEs_7_14,169.0,24
De815YpTBic_41_48,169.0,24
r2PM0om2El8_18_25,169.0,24
E4k0Aylzdyo_97_104,169.0,24
shPymuahrsc_5_12,169.0,24
HN-ccxID8IM_3_10,169.0,24
u9prcUCHlqM_73_80,175.0,24
zS50h-a8RTg_3_9,175.0,29
Jj4uYHr65H8_28_35,176.0,25
INDhUwDMg-4_220_227,176.0,25
W1052h2rzoA_91_98,176.0,25
i3fd4nE8OCI_174_181,176.0,25
ao-9B8IV9_E_37_44,176.0,25
nrZyPuRd5pU_85_92,176.0,25
m4D72WXFd8s_557_564,176.0,25
XzCcRzEa83U_1_8,176.0,25
Lr8ds5iY5uk_8_15,176.0,25
hksxtbcS780_7_14,176.0,25
f_CvW22Eauc_16_23,176.0,25
6r5DmFa5ZR8_51_58,176.0,25
53dc4z7HLyg_16_23,176.0,25
5U3xz9Ovmhk_258_265,176.0,25
wkgGxsuNVSg_34_41,176.0,25
7bcV-TL9mho_0_7,176.0,25
8BL9qmFRbd4_6_13,176.0,25
rw9h_574HxE_229_236,176.0,25
4VLrxtf7Z_8_0_7,176.0,25
-zOrV-5vh1A_69_76,176.0,25
rw9h_574HxE_59_66,176.0,25
BefkDBj5gSw_233_240,176.0,25
CcvJs77L-e8_15_22,176.0,25
D1tTBncIsm8_198_205,176.0,25
D1tTBncIsm8_681_688,176.0,25
D9I1Z6O_mbw_112_119,176.0,25
AKVBK-0veE8_5_12,176.0,25
3zrVqwV29V8_69_76,176.0,25
D1tTBncIsm8_841_848,176.0,25
25NmudB2fqg_0_7,176.0,25
VLBsAPZ2DDE_34_41,177.0,25
zxB4dFJhHR8_1_9,179.0,25
0lh_UWF9ZP4_191_197,180.0,29
inLBPVG8oEU_18_24,180.0,29
tzd3AYTZq0U_0_6,180.0,29
_WRC7HXBJpU_395_401,180.0,29
OfgSCMxttCc_86_92,180.0,29
ACOmKiJDkA4_75_81,180.0,29
0lh_UWF9ZP4_71_77,180.0,29
ACOmKiJDkA4_20_26,180.0,29
nZSFn51l3hc_660_666,180.0,29
9gbUM9oHBNI_557_563,180.0,29
9VG7Elw9TDA_85_91,180.0,29
uVPnDJKt1M0_0_6,180.0,29
9Q0JfdP36kI_167_170,180.0,59
gvVsgOK1iJw_32_38,180.0,29
9IrWyZ0KZuk_160_166,180.0,29
05gNigkqfNU_78_84,180.0,29
9HTUcMjWB3g_122_128,180.0,29
zHy7pM0U49w_103_109,180.0,29
nBFhvrAOFqY_23_29,180.0,29
OO-5-eVEKPA_25_31,180.0,29
dabI5gfaFm4_19_25,180.0,29
aeA-HN7BMdo_52_58,180.0,29
pdrBPJYfTC8_33_39,180.0,29
iTA0rWPE4nY_17_23,180.0,29
iarsmqA3dck_19_25,180.0,29
sJSmRik2c-c_1_7,180.0,29
b24_bb57PPk_631_637,180.0,29
Lyp7MiaCXNE_114_120,180.0,29
MW21lp833Vo_143_149,180.0,29
onW5hJXnI5s_10_16,180.0,29
_xf24TYgbuY_14_20,180.0,29
ok4cM6WTA5E_178_184,180.0,29
t4vP-cXXWkY_14_20,180.0,29
BGG0uYWZBdw_6_12,180.0,29
oRBgVOiZVsc_16_22,180.0,29
BApIQn69EVE_10_16,180.0,29
-s4-6QTT7HE_235_241,180.0,29
NoCgvH4xZHo_68_74,180.0,29
zHy7pM0U49w_110_116,180.0,29
-wa0umYJVGg_117_123,180.0,29
AdcgmBtE99c_108_114,180.0,29
cnsjm3fNEec_4_10,180.0,29
R0e8ojL0vcc_8_14,180.0,29
kBjUDCyDCuI_20_26,180.0,29
VuCFgiWfVF4_0_6,180.0,29
ZbtpcGi2DWY_56_62,180.0,29
5EXVeP6R3yc_105_108,180.0,59
WPG-BIWOrG4_683_689,180.0,29
WPG-BIWOrG4_755_761,180.0,29
5AEldiUP408_65_71,180.0,29
ZYaxg5NZW_g_21_27,180.0,29
0hyZ__3YhZc_364_370,180.0,29
bQJQGoJF7_k_120_126,180.0,29
0hyZ__3YhZc_388_394,180.0,29
0hyZ__3YhZc_418_424,180.0,29
WTf5EgVY5uU_98_104,180.0,29
2YhDTpzxd3c_174_180,180.0,29
klFyrnrUSck_79_85,180.0,29
0hyZ__3YhZc_562_568,180.0,29
klFyrnrUSck_13_19,180.0,29
4QdX5Q3qQsQ_38_44,180.0,29
hReROJQpSow_24_30,180.0,29
WTf5EgVY5uU_33_39,180.0,29
5dZ8PXABC30_14_20,180.0,29
5l6acVf12S4_7_13,180.0,29
0hyZ__3YhZc_289_295,180.0,29
R1UrFBF_0iU_35_41,180.0,29
0wutCy2ZGOQ_4_10,180.0,29
mHv4iJ9Yr1g_10_16,180.0,29
SKhmFSV-XB0_12_18,180.0,29
8MVo7fje_oE_130_136,180.0,29
27mxaePkYB4_8_14,180.0,29
bQJQGoJF7_k_109_115,180.0,29
0M-PyX2DbZc_25_31,180.0,29
L6dEUQ6WiHY_136_142,180.0,29
vRC9sBNt9vs_10_16,180.0,29
6t0BpjwYKco_53_59,180.0,29
UXs3eq68ZjE_498_504,180.0,29
qeKX-N1nKiM_37_43,180.0,29
lsanQj2yacs_102_108,180.0,29
lfGlDg47How_361_367,180.0,29
6mYnZbIwcNo_10_16,180.0,29
60x_yxy7Sfw_1_7,180.0,29
VZ6H73nH7xs_27_33,180.0,29
VahnQw2gTQY_274_280,180.0,29
mmSQTI6gMNQ_15_21,180.0,29
UXs3eq68ZjE_194_200,180.0,29
RZL9irxnhZ0_34_40,180.0,29
IpHJffM3G1c_412_418,180.0,29
KPPCwmU5OHQ_480_486,180.0,29
po2tcrG6KzM_2_8,180.0,29
IhwPQL9dFYc_24_30,180.0,29
IAvBB2lv8iw_142_148,180.0,29
KPPCwmU5OHQ_56_62,180.0,29
GopEjCCu2jo_2_9,180.0,30
IhwPQL9dFYc_137_143,180.0,29
-_hbPLsZvvo_5_8,180.0,59
zv2RIbUsnSw_335_341,180.0,29
GWQTAe64m-0_160_166,180.0,29
KeSQ5Rv7eH8_73_79,180.0,29
qOiN__I1-Zo_2_8,180.0,29
IiIiY6o-C9k_49_55,180.0,29
KPPCwmU5OHQ_424_430,180.0,29
F3pmw2ga244_59_65,180.0,29
IpHJffM3G1c_464_470,180.0,29
IhwPQL9dFYc_130_136,180.0,29
zlS1_zBYluY_15_21,180.0,29
g1Gldu1KS44_8_14,180.0,29
eyhzdC936uk_15_27,181.0,15
f_GnkweYzzI_35_41,181.0,30
6pcqRuFEMLs_46_52,181.0,30
rq2p5ML8-WI_63_69,181.0,30
o4pL7FObqds_72_78,181.0,30
K1ZM0LSLVw8_488_494,181.0,30
YndZ9YulpTo_61_76,181.0,12
h0JvF9vpqx8_36_42,181.0,30
8mSUD7JGNO0_198_204,181.0,30
nhm_APPwhWk_6_12,181.0,30
rwHT2SuNOi8_195_201,181.0,30
_KMoC6ZdeXs_10_16,181.0,30
_7nP9z6T9m8_11_17,181.0,30
AEKPjVHSVZc_0_12,181.0,15
v-9Gx0gJmfo_26_32,181.0,30
m1NR0uNNs5Y_104_110,181.0,30
m1NR0uNNs5Y_123_129,181.0,30
m1NR0uNNs5Y_160_166,181.0,30
idRc_KkInds_0_6,181.0,30
Z3rj9LbCOaM_0_12,181.0,15
m1NR0uNNs5Y_224_230,181.0,30
9zXqkHvs0po_59_65,181.0,30
m1NR0uNNs5Y_88_94,181.0,30
m7x8uIdg2XU_67_73,181.0,30
SFFfhAUEoj0_10_16,181.0,30
gqxpGOHUH9k_113_119,181.0,30
m1NR0uNNs5Y_192_198,181.0,30
K1ZM0LSLVw8_481_487,181.0,30
3eqFFRSXwGE_84_96,181.0,15
fcvW1vr8hAs_96_102,181.0,30
kzyFBlNRohs_82_88,181.0,30
-DRy7rBg0IQ_31_37,181.0,30
yd8jh9QYfEs_4_10,181.0,30
WZTGqvbqOFE_28_34,181.0,30
aC-KOYQsIvU_25_31,181.0,30
4t5POXt2e68_5_11,181.0,30
qypmR4O1Gwk_0_10,182.0,52
i2sRHf9m5KM_28_42,183.0,13
yBK02O1Oewc_20_35,189.0,59
xxHx6s_DbUo_240_248,192.0,23
-joBOHlg5J0_72_80,192.0,23
p69Q8lTkZTc_21_29,192.0,23
4Tn5S48sCwg_110_118,192.0,23
uO7Eysrs8_k_106_114,192.0,23
c75SIlAjfjg_6_14,193.0,24
a0g7wtBkS98_34_42,193.0,24
nwk4m329bLw_2_10,193.0,24
TZ860P4iTaM_15_28,195.0,14
gbUhorqLCzU_10_23,197.0,15
QVSt5USMkMg_43_50,198.0,28
RieF9wrFd8s_1_8,198.0,29
u9prcUCHlqM_503_511,200.0,24
urNX3e1Wbc8_30_38,201.0,25
OpR1Er5o6IY_209_217,201.0,25
p6cg2jWI34M_34_42,201.0,25
5U3xz9Ovmhk_214_222,201.0,25
ao-9B8IV9_E_87_95,201.0,25
e4QGnppJ-ys_6_14,201.0,25
q9ew_nITQWY_54_62,201.0,25
JYNzY9jmsQQ_2_10,201.0,25
kRNHJSc4AXE_220_228,201.0,25
8jP8CC2rKj4_80_88,201.0,25
uJPupV4oLZ0_4_12,201.0,25
D1X6qXkLjYE_41_49,201.0,25
8z-XGiU1KN4_9_17,201.0,25
3_51FhosiVY_93_101,201.0,25
3mbBbFH9fAg_21_29,201.0,25
pDvzOLRLjPc_0_8,201.0,25
_9iG5Ge01PM_3_11,201.0,25
6eokrw6_bjU_1_9,201.0,25
73vUksucPz8_12_20,201.0,25
v5CeGLEnVFE_0_8,201.0,25
Gw0FU733zzg_58_66,201.0,25
HVR7KpItLfA_62_70,201.0,25
MWvCcwTw7Ac_78_86,201.0,25
NVGGgncVq-4_12_20,201.0,25
z_qf7tOnHVg_81_89,201.0,25
zbAk0gX7kas_16_24,201.0,25
0SMOK2ql7Pg_5_12,210.0,29
UbmZAe5u5FI_26_33,210.0,29
UbmZAe5u5FI_16_23,210.0,29
0lh_UWF9ZP4_103_110,210.0,29
qDjtN7xxNr4_44_51,210.0,29
0RWJEOScToE_414_421,210.0,29
mZVPkPqwzR4_38_45,210.0,29
c76tShLfQb0_74_81,210.0,29
mfJjIOfj6D8_3_10,210.0,29
4cgzdXlJksU_83_90,210.0,29
EwTZ2xpQwpA_14_21,210.0,29
cUW_bXll6YM_462_469,210.0,29
Je3V7U5Ctj4_488_495,210.0,29
Je3V7U5Ctj4_504_511,210.0,29
W_iR4YVCxUY_8_15,210.0,29
WFNXwor69-U_33_40,210.0,29
wFX6bXLbHW4_83_90,210.0,29
6owu8Mow0_g_527_534,210.0,29
msCidKHOh74_392_399,210.0,29
fEsrO_poIUg_161_168,210.0,29
kquB3rIgfGk_525_532,210.0,29
q6vz80UkVtw_0_7,210.0,29
IpHJffM3G1c_439_446,210.0,29
98shpdib9sg_55_62,210.0,29
hJuqBDw_TT4_105_112,210.0,29
YS1mzzhmWWA_9_16,210.0,29
8PQiaurIiDM_173_180,210.0,29
0lh_UWF9ZP4_138_145,210.0,29
6t0BpjwYKco_240_247,210.0,29
VahnQw2gTQY_203_210,210.0,29
eroAmLZ85DI_28_35,210.0,29
XZ0Ch_ClBfo_120_127,210.0,29
XdB0pVjFYoU_1_8,210.0,29
XNV7hKVu-Xg_40_47,210.0,29
XEOH3t5AYY0_22_29,210.0,29
WTf5EgVY5uU_76_83,210.0,29
TdYN7cePiRI_6_13,210.0,29
fjDvKHkmxs0_119_126,210.0,29
fr9H1WLcF1A_141_148,210.0,29
UDwvax7K57c_28_35,210.0,29
VahnQw2gTQY_298_305,210.0,29
FGjtmhI-Rmk_30_37,210.0,29
7uF-2adCsI0_60_67,210.0,29
-8y1Q0rA3n8_95_102,210.0,29
Xxcv5jvRmcg_39_46,210.0,29
4UOVKok7j1U_1_8,210.0,29
kquB3rIgfGk_537_544,210.0,29
8D_oQnBPfNo_43_50,210.0,29
SZP3Jpbbwj0_52_59,210.0,29
m1c04pCYGxA_57_64,210.0,29
0hyZ__3YhZc_341_348,210.0,29
6t0BpjwYKco_46_53,210.0,29
bnN_o0Hkn3M_73_80,210.0,29
W8_63NiTENw_23_30,210.0,29
yyxtyCaEVqk_321_328,210.0,29
0hyZ__3YhZc_410_417,210.0,29
TZ860P4iTaM_10_24,210.0,14
Je3V7U5Ctj4_569_576,210.0,29
5E66Gk3V1Bc_23_30,210.0,29
ACOmKiJDkA4_23_30,210.0,29
ACOmKiJDkA4_47_54,210.0,29
sb1dX5xAFvk_10_17,210.0,29
jPBxl9gFqNY_110_117,210.0,29
ACOmKiJDkA4_67_74,210.0,29
C2rDp6FnbP0_10_17,210.0,29
C1MNCR1o9lU_0_7,210.0,29
onW5hJXnI5s_126_133,210.0,29
0lh_UWF9ZP4_62_69,210.0,29
qeKX-N1nKiM_123_130,210.0,29
DlOhXqKcLXk_7_14,210.0,29
toE0QYZzJKE_1_8,210.0,29
MJNStEgDKXU_3_10,210.0,29
MJoxGpEswOI_9_16,210.0,29
ACOmKiJDkA4_175_182,210.0,29
i2GgBwlwV0c_24_31,210.0,29
iyAoiWeD53k_120_127,210.0,29
nq4hG6qgyPs_370_377,210.0,29
NoCgvH4xZHo_56_63,210.0,29
_ZwwKOzpt2I_69_76,210.0,29
tIMDKdMnNYM_266_273,210.0,29
BE_uxYK9uz0_49_56,210.0,29
KIEWo_xJ5nU_0_7,210.0,29
_pj2Nutu5v8_1_8,210.0,29
o_mWZWcm2r4_47_54,210.0,29
1dfR0A_BXjw_401_408,210.0,29
MrQd1zUVRUM_103_110,210.0,29
1dfR0A_BXjw_441_448,210.0,29
qeKX-N1nKiM_52_59,210.0,29
omIPdpxg--4_39_46,210.0,29
uiLr9bdOL0M_23_30,210.0,29
jW77z3-SrO4_56_63,210.0,29
htry5uxX0-Y_45_52,210.0,29
PeUHy0A1GF0_114_121,210.0,29
uH8ObB_dyOk_159_166,210.0,29
ACOmKiJDkA4_121_128,210.0,29
bQJQGoJF7_k_162_169,210.0,29
ACOmKiJDkA4_146_153,210.0,29
-8y1Q0rA3n8_108_115,210.0,29
jsEUFYhiqxU_121_128,210.0,29
PeUHy0A1GF0_78_85,210.0,29
LYSPQqUvNO0_43_57,210.0,14
Je3V7U5Ctj4_997_1004,210.0,29
0lh_UWF9ZP4_183_190,210.0,29
0lh_UWF9ZP4_148_155,210.0,29
PeUHy0A1GF0_105_112,210.0,29
Z3XarHZ3HpY_10_17,210.0,29
aeA-HN7BMdo_34_41,210.0,29
2MCpA01Sn_c_75_82,210.0,29
vE1gvaM3iAs_39_46,211.0,30
OBLIjdMIIt8_54_61,211.0,30
FCjpuJaUec0_19_26,211.0,30
-uT_1VDvXok_8_15,211.0,30
1rECrfrdNTo_200_207,211.0,30
4PcL6-mjRNk_11_18,211.0,30
q5ZRMvjzhXQ_15_29,211.0,15
inzk2fTUe1w_1_15,211.0,15
Puh1n8DTKw8_2_9,211.0,30
NUYu9c9XsgY_7_21,211.0,15
s8utHZYTNTs_35_42,211.0,30
N3A7944_UJw_63_70,211.0,30
fnpp8v9NbmY_181_188,211.0,30
5JLi7L1Kwp8_23_30,211.0,30
4ge5_V-xhP0_35_42,211.0,30
I_-Nb_0RxpM_1_15,211.0,15
6FmN22YcVVE_11_18,211.0,30
eKtsMfmQ_0s_61_68,211.0,30
8mSUD7JGNO0_174_181,211.0,30
f9_bP219ehQ_63_70,211.0,30
HPFLN5azwtA_56_63,211.0,30
m1NR0uNNs5Y_273_280,211.0,30
m1NR0uNNs5Y_57_64,211.0,30
u9E9HpuJQ7U_29_43,211.0,15
8VUbN3hkdBo_36_50,211.0,15
bqMmyY1ImkI_0_14,211.0,15
hkkmKk9LcQk_36_43,211.0,30
F44bLc6t7-I_1_8,211.0,30
uy0HNWto0UY_18_25,211.0,30
AGRFy5hDQiY_31_38,211.0,30
NV6pq1W-I4g_7_16,216.0,23
TXabUVUxJqI_22_31,216.0,23
pFSoWsocv0g_8_17,216.0,23
JnNe61UZsdM_42_51,216.0,23
zfQOH4UGU_I_1_10,216.0,23
vloe_60s_dk_0_9,217.0,24
nau1vCzyFQ4_37_54,217.0,15
Ugb_uH72d0I_8_17,217.0,24
ybVb3t560oY_0_9,217.0,24
pGsU4FekJQM_10_18,220.0,29
Xh6rdpJNaf0_0_15,221.0,14
Ow_o78zjo14_42_57,225.0,14
-Ms9tsWmhyU_80_95,225.0,14
4kQnrKvOTNg_15_24,226.0,25
Ce7equ9zCxk_4_19,226.0,15
LuQ0KiMMhoI_49_64,226.0,15
a28s_wyqkyc_68_77,226.0,25
xEDCfcMZlZY_91_100,226.0,25
6q1dX6thX3E_286_295,226.0,25
wjH72cZ0GLM_1_10,226.0,25
5CS4nLI2ZX8_50_59,226.0,25
ywHBKayhyvQ_19_28,226.0,25
FvfjDQj5sOY_1_10,226.0,25
1qxMJLkHDLw_0_9,226.0,25
KpmVL4ANieA_0_9,226.0,25
dtwXtwJByYk_5_14,226.0,25
SJZFNwfcSOw_3_18,226.0,15
8e0yXMa708Y_24_33,226.0,25
ngHDYzhDBk4_5_14,226.0,25
bmOy6p87TWI_26_35,226.0,25
d7eGypGOlOc_13_22,226.0,25
aHiUM8uWxxo_17_25,227.0,28
j4dMnAPZu70_12_17,231.0,59
74tRCYS_534_49_57,233.0,29
labytsb3gfI_146_154,233.0,29
WTf5EgVY5uU_16_24,240.0,29
bQJQGoJF7_k_145_153,240.0,29
yPNFVj-pISU_105_115,240.0,23
2R_OAYQIkXM_14_22,240.0,29
kWLNZzuo3do_192_196,240.0,59
4Hhdr1IPOGs_90_98,240.0,29
HAjwXjwN9-A_16_24,240.0,29
fMFvOgb4k6E_35_43,240.0,29
H9Oplnr8WcE_24_34,240.0,23
11xs9mFKObs_0_8,240.0,29
YUlG_PKzpvc_0_8,240.0,29
2mUMTFnQWaw_1_9,240.0,29
39Ce7I6nXIw_96_104,240.0,29
4-1gpwkD7Hc_7_15,240.0,29
GzlnqrzdYHU_32_40,240.0,29
kWLNZzuo3do_228_232,240.0,59
WTf5EgVY5uU_108_116,240.0,29
kWLNZzuo3do_38_42,240.0,59
iLr7ZHAq1ro_7_11,240.0,59
1dfR0A_BXjw_524_532,240.0,29
4eJJF11bIxM_1_9,240.0,29
HypgcCT1r68_38_46,240.0,29
_SNE2MYAotU_41_49,240.0,29
_O9kWD8nuRU_77_81,240.0,59
b97TK8XVLHE_40_50,240.0,23
jTnrm338_KY_34_42,240.0,29
_O9kWD8nuRU_45_49,240.0,59
_1vy2HIN60A_32_40,240.0,29
2I20ZTFHheg_96_104,240.0,29
xTd_IdIcB4s_2_10,240.0,29
0lh_UWF9ZP4_38_46,240.0,29
Xp6rxW4hFFo_32_40,240.0,29
0lh_UWF9ZP4_199_207,240.0,29
kWLNZzuo3do_76_80,240.0,59
4QdX5Q3qQsQ_6_14,240.0,29
gXVaC3gBWbc_22_30,240.0,29
uO7Eysrs8_k_80_90,240.0,23
7HcYJKMxpcg_20_28,240.0,29
TnPOZVHB3x0_45_55,240.0,23
cWOPC2kt_IA_8_16,240.0,29
nohvigNMsbo_199_207,240.0,29
TgFmoZj3NoM_10_18,240.0,29
OE6H_M52Sng_89_97,240.0,29
tmAX2PnRCY0_284_292,240.0,29
TF6LNmwDr_0_2_10,240.0,29
DKgHYLDebx0_0_8,240.0,29
hEOGZoYSvT4_82_86,240.0,59
SrDE9-cDz48_4_12,240.0,29
-wa0umYJVGg_168_176,240.0,29
8NFoN0K3bPg_20_28,240.0,29
8PQiaurIiDM_143_151,240.0,29
mF6ijhSrbBQ_32_40,240.0,29
J_evFB7RIKA_104_120,240.0,14
8PQiaurIiDM_247_255,240.0,29
05gNigkqfNU_24_32,240.0,29
ufFT2BWh3BQ_0_8,240.0,29
9OvXb1fot74_21_29,240.0,29
9HTUcMjWB3g_143_151,240.0,29
EXyp0Q7L1zE_30_38,240.0,29
nZSFn51l3hc_318_326,240.0,29
x8Ul09tk6zk_0_8,240.0,29
PQbkdRbir0M_45_53,240.0,29
QqYWLR47eLI_10_18,240.0,29
msCidKHOh74_410_418,240.0,29
PCXHuseKwDc_68_76,240.0,29
ACOmKiJDkA4_57_65,240.0,29
JnNe61UZsdM_78_88,240.0,23
mmSQTI6gMNQ_120_128,240.0,29
g8LUhxR-6Wg_0_8,240.0,29
K2LxyytY3Dw_104_112,240.0,29
AysIdzGF-7M_6_14,240.0,29
Puv_4NtflqE_26_34,240.0,29
lKpGc3SCSVw_12_20,240.0,29
sm0OYD0NSbQ_51_59,240.0,29
wgrrQwLdME8_66_74,240.0,29
ByGspTdA1ug_16_24,240.0,29
sFExO_PW22s_10_18,240.0,29
MW21lp833Vo_8_16,240.0,29
MWzeInQaUk4_12_20,240.0,29
wSwwS_0MKEc_68_78,240.0,23
B4foOe9kUgY_0_8,240.0,29
e996zZ0uV_A_68_72,240.0,59
5OvgDatToBU_0_8,240.0,29
-dm-ds5rRaM_44_52,240.0,29
sRKQfxxEP4M_117_125,240.0,29
V--abChiVVc_30_40,240.0,23
L9wD3kw-8FE_65_73,240.0,29
lAznAeFFldg_6_10,240.0,59
FA3OfhJK0mI_195_203,240.0,29
ok4cM6WTA5E_142_150,240.0,29
zSPBC8EO6dY_132_140,240.0,29
FAD8CbQuvco_35_45,240.0,23
0NPtAv3_uVI_46_54,240.0,29
wNv74rvkAw8_30_40,240.0,23
KPPCwmU5OHQ_258_266,240.0,29
Ms3QdGIzltU_10_20,240.0,23
6ZhKOK08tgM_225_233,240.0,29
wFPmKChNrhU_3_11,240.0,29
glii-kazad8_21_29,240.0,29
cR2yi-JnGcQ_8_16,240.0,29
CquJjlNuotg_147_155,240.0,29
Cx1We6GX4IM_0_8,241.0,30
g2IYQq7IkXc_124_132,241.0,30
AzMrltkXGJk_0_10,241.0,24
PECk9A-07Pw_1_9,241.0,30
P4IjNV3lZkQ_136_144,241.0,30
ZxqkAGNyo8A_12_22,241.0,24
hoinj6vyQ2g_8_16,241.0,30
BVjvRpmHg0w_157_165,241.0,30
n_Z0-giaspE_62_78,241.0,15
q-JHcsqJXWY_0_8,241.0,30
NjblUomxFQo_100_108,241.0,30
LjimLwAhAOQ_5_15,241.0,24
MY-rGamtAJc_6_22,241.0,15
l5JJ2n2ggiQ_319_327,241.0,30
0vmoZEaN_-o_5_21,241.0,15
v-9Gx0gJmfo_91_99,241.0,30
hNPZmTlY_3Q_0_8,241.0,30
rnawC5C8gSI_82_90,241.0,30
b_BuSVZwq6M_1_9,241.0,30
7EOqi_6rnkg_36_44,241.0,30
btuxO-C2IzE_64_72,241.0,30
4PcL6-mjRNk_47_55,241.0,30
vDhEpqfhVI0_0_8,241.0,30
X0UJaprpxrk_18_26,241.0,30
6njscWrdnM0_8_18,241.0,24
QjI3Y8ZKSqs_30_38,241.0,30
cLNrpO6wBk4_37_47,241.0,24
EpMuCrbxE8A_107_115,241.0,30
FeTaKOPVaJg_15_25,241.0,24
FeTaKOPVaJg_60_70,241.0,24
FxIuFwMhOu8_18_26,241.0,30
JAFGw0WRHHU_108_116,241.0,30
8yoUaH6wGLs_22_30,241.0,30
v7iIZXtpIb8_5_15,250.0,24
dP15zlyra3c_0_10,250.0,24
TxzxPyfsSxY_0_10,250.0,24
PuQVs2Ch1LY_5_15,251.0,25
iwpnUHFhjWc_84_94,251.0,25
BAf3LXFUaGs_28_38,251.0,25
zYcY4mjLpxU_45_55,251.0,25
dmyz_f8Sx14_56_66,251.0,25
5W02895vT8c_460_470,251.0,25
t8Nf1MK7lts_0_10,251.0,25
P6eo3LULuuc_1_11,251.0,25
_txL575S_OA_13_23,251.0,25
iCiGjZEV7VI_65_75,251.0,25
n6U-TGahwvs_100_110,251.0,25
POv7JaE3vJ8_40_50,251.0,25
3ftaoFnhTyY_140_150,251.0,25
6Lzq1HN33lE_5_15,251.0,25
lFyPUgJCmtU_100_110,251.0,25
jfrrO5K_vKM_55_65,251.0,25
WV9K6MbLjHA_106_116,251.0,25
giLxPCgLLqg_9_19,251.0,25
aK8liAv-28s_72_82,251.0,25
gtIz1u8g1F0_3_13,251.0,25
5W02895vT8c_312_322,251.0,25
yvfhk1kwKls_103_113,251.0,25
1hPxGmTGarM_9_19,251.0,25
QsvBYKaCXEc_5_15,251.0,25
elQqQfux7Po_12_22,251.0,25
Zqmx-nXhLAg_0_10,251.0,25
bDoCQEwghZU_201_211,251.0,25
27hs9W89FuI_0_10,251.0,25
AE9UaQwum8c_0_10,251.0,25
DAmOfcvfKZ0_22_32,251.0,25
SzEbtbNSg04_214_224,251.0,25
_JorUS-8Nlg_63_73,251.0,25
W8l_ezoU8Lc_76_86,251.0,25
xfRIRSWy0y0_10_20,251.0,25
qzQzooI4BqU_5_15,251.0,25
j2sOMdilDWU_87_97,251.0,25
d_BWuttLRFM_42_52,251.0,25
fJr2evLANsE_0_10,251.0,25
c_XV7nPoRg8_2_12,251.0,25
Ted3imMggC0_48_58,251.0,25
ZnLgsasu82g_71_81,251.0,25
TwQzFqBqgeA_0_10,251.0,25
HO_ovIrLWfQ_1_11,251.0,25
qPXynwa_2iM_15_25,251.0,25
qIXs7fUoLIg_1_11,251.0,25
4JVpbYmqfcI_5_19,252.0,59
dQmaVQZz7EE_1_18,253.0,32
_pBeOAMjGm8_1_18,255.0,14
oeaVXK2GAyc_4_21,256.0,15
j4dMnAPZu70_11_18,260.0,59
64Xn9edeWRA_0_11,265.0,24
u4T76jsPin0_0_11,265.0,24
HBCJYhUjVf0_0_9,266.0,29
-rkErLY0rRc_26_35,270.0,29
bxjFqtfJlMs_18_27,270.0,29
zSPBC8EO6dY_64_73,270.0,29
0lh_UWF9ZP4_94_103,270.0,29
gyOVZz7kXyM_1_10,270.0,29
c53HKs39i28_26_35,270.0,29
gHyXstpe_N8_116_125,270.0,29
05gNigkqfNU_25_34,270.0,29
qeKX-N1nKiM_133_142,270.0,29
aQWCKcg0VRU_321_339,270.0,14
FOOM-wA2rOY_77_86,270.0,29
J3_hkgu6MGc_43_52,270.0,29
6BrHPMdyVtU_1_10,270.0,29
UbmZAe5u5FI_132_141,270.0,29
UbmZAe5u5FI_101_110,270.0,29
K-czl524zxk_6_15,270.0,29
6t0BpjwYKco_118_127,270.0,29
6t0BpjwYKco_142_151,270.0,29
7NNg0_n-bS8_21_30,270.0,29
Td29-SApubM_48_57,270.0,29
TIubRrkku-4_1_10,270.0,29
88DOMJ11q2M_34_43,270.0,29
ul9Xvjt83eI_111_120,270.0,29
8yuPGwxwdPs_1_10,270.0,29
kuNQpRTc-hA_126_135,270.0,29
n016q1w8Q30_2_11,270.0,29
ACOmKiJDkA4_161_170,270.0,29
PHDmVhShE80_20_29,270.0,29
OUII8_aOfNM_60_69,270.0,29
OCcy9TDRGKo_118_127,270.0,29
Ar70p1_LcfM_2_20,270.0,14
o2X6UCaNqKA_27_36,270.0,29
NbOlG7THecM_25_34,270.0,29
NZWiKMZS_k8_39_48,270.0,29
MwOEK-KXSPc_1_10,270.0,29
M4It3DrhbE0_13_22,270.0,29
C9LHk0AJI7U_196_205,270.0,29
Kms3EXosNS0_8_17,270.0,29
Kf8oZGHDTt4_4_13,270.0,29
Dgf0VHMEtNs_57_66,270.0,29
nMBSDpB3WB8_5_14,270.0,29
WTf5EgVY5uU_66_75,270.0,29
s-QQWRdF-5Y_19_28,270.0,29
GMuijLIJH-U_1_10,270.0,29
21uB8g-jDZI_70_79,270.0,29
Gm1WnWVXYzQ_0_9,270.0,29
kk3TIio1-Uw_5_14,270.0,29
IhwPQL9dFYc_50_59,270.0,29
jDFn-1lXJ98_71_80,270.0,29
HmVPxs4ygMc_44_53,270.0,29
1pw5ZdRhiig_50_59,270.0,29
ZbzDGXEwtGc_6_15,270.0,29
a8PAY4rvzRM_1_10,270.0,29
ZbtpcGi2DWY_161_170,270.0,29
2YhDTpzxd3c_223_232,270.0,29
qeKX-N1nKiM_106_115,270.0,29
YXixZrSxefk_6_15,270.0,29
xkNDE1JL6Z8_50_59,270.0,29
4Hhdr1IPOGs_1_10,270.0,29
0ONJfp95yoE_1_10,271.0,30
nBJV56WUDng_38_47,271.0,30
HV12kTtdTT4_5_14,271.0,30
EiylMb_mWk4_2_20,271.0,15
ZdlG8fjGJlo_78_87,271.0,30
ruoHOXo2PRQ_2_20,271.0,15
F2Ny7rq9RKs_139_148,271.0,30
BVjvRpmHg0w_121_130,271.0,30
2xpIT0L4GqE_1_10,271.0,30
OVEe1DMsOq0_43_52,271.0,30
g2IYQq7IkXc_23_32,271.0,30
p6T3XrnYtFk_4_13,271.0,30
JK1R9k1WDpc_6_15,271.0,30
pfQPRXcihkI_135_144,271.0,30
aA05I5QaZnM_66_75,271.0,30
xOQn1z_oWDY_30_39,271.0,30
q7pOFn8s4zc_27_36,271.0,30
K-KVz3eqbnA_1_10,271.0,30
hWhKdXcqYeU_3_12,271.0,30
2L4oELbX8Ms_1_12,271.0,29
HzYtvOYOEoU_21_32,276.0,25
zTn-nNj5Bng_8_19,276.0,25
xaPepCVepCg_35_46,276.0,25
GY5Dl00LrEI_2_13,276.0,25
rV5VmhY3-Sw_65_76,276.0,25
JM4913Fe-ic_4_15,276.0,25
-FugkxLmGO4_5_16,276.0,25
Z3m9V8qPXhQ_13_24,276.0,25
Els1Cclg_sk_4_15,276.0,25
ao-9B8IV9_E_108_119,276.0,25
dEn5E-TNezw_13_23,278.0,27
00jrXRMlZOY_0_10,281.0,28
WinaH9SkW9c_11_38,282.0,10
OxL9z2BzBnk_0_19,286.0,15
Okg8QYhdtvU_73_92,286.0,15
AJJ-iQkbRNE_97_109,288.0,23
l57mQZvDaL4_10_30,288.0,15
GlW6n43pUQA_0_12,289.0,24
XOAgUVVwKEA_8_20,289.0,24
iUYWdCxvJCI_2_14,289.0,24
EPXsiQw9vvo_1_12,293.0,30
hM3jzlyNIpc_0_10,294.0,29
E2r6nnkwl0c_6_18,296.0,49
x1i0UOssll8_141_151,296.0,29
MICawzo1MqI_3_13,298.0,29
3chNlP5TeO8_0_10,298.0,29
ruNrdmjcNTc_0_5,300.0,59
fd7Ky1lEPT8_40_50,300.0,29
fr9H1WLcF1A_326_336,300.0,29
fqly5kyO2MI_10_20,300.0,29
uB9zRlV47qA_17_23,300.0,49
s-dSFyz_5Ww_13_23,300.0,29
yId1rg5-ac0_40_50,300.0,29
ibSwITK4jjQ_14_24,300.0,29
jCplbayVbtw_10_20,300.0,29
jCplbayVbtw_28_38,300.0,29
jLgmCY1fEE8_16_26,300.0,29
ymC2bNi6-Is_9_19,300.0,29
jbzaMtPYtl8_48_58,300.0,29
kWLNZzuo3do_217_222,300.0,59
kWLNZzuo3do_222_227,300.0,59
kWLNZzuo3do_48_53,300.0,59
klFyrnrUSck_63_73,300.0,29
xPR0xFgCAZY_17_27,300.0,29
wsj_dzz33Ko_31_41,300.0,29
wn9rDTZj-m4_8_18,300.0,29
wgrrQwLdME8_0_10,300.0,29
lR8RrUBhCQg_5_15,300.0,29
lo4KcsBN--A_0_10,300.0,29
lw7pTwpx0K0_38_48,300.0,29
mFCf8lLXrUc_25_35,300.0,29
z1PEyzk4ADU_8_18,300.0,29
nHZsE7T7hwI_13_23,300.0,29
nS6oQxX_Qi8_2_12,300.0,29
u4kMN1jamdM_10_20,300.0,29
oFUsn1owAbs_158_168,300.0,29
sv5YlZspb30_10_20,300.0,29
s80J2dAUUyI_33_43,300.0,29
gWRRHV7DLV0_21_31,300.0,29
pmEKZ6yVewc_0_10,300.0,29
s-dSFyz_5Ww_31_41,300.0,29
gHyXstpe_N8_140_150,300.0,29
-4wsuPCjDBc_5_15,300.0,29
VF1K_6ZSOAY_60_70,300.0,29
GnwKcpfr_ng_10_20,300.0,29
ZN2_czSBSD0_240_250,300.0,29
QsC8__3lwO0_50_60,300.0,29
Zoz0HcCB1vU_0_10,300.0,29
_0nX-El-ySo_83_93,300.0,29
QklHhN8pQBE_0_10,300.0,29
QTAqjSbMkXU_65_75,300.0,29
QOmrchUPnBs_10_20,300.0,29
QMJY29QMewQ_42_52,300.0,29
QGJy1K91gP4_90_100,300.0,29
PqSZ89FqpiY_65_75,300.0,29
_WRC7HXBJpU_360_370,300.0,29
BOLKaQeB6j0_101_111,300.0,29
2G9fkvBzzQE_10_20,300.0,29
PHDmVhShE80_36_46,300.0,29
1dfR0A_BXjw_590_600,300.0,29
akXjIEoecNs_2_12,300.0,29
1_6V30igzIk_5_15,300.0,29
OIg10Bl7urs_0_10,300.0,29
1QVn0FffExM_14_24,300.0,29
bJJndejsUWc_88_98,300.0,29
OCcy9TDRGKo_41_51,300.0,29
1Dty_eGY9Ec_123_133,300.0,29
O06WXS_XZN0_0_6,300.0,49
0lh_UWF9ZP4_50_60,300.0,29
0bSz70pYAP0_5_15,300.0,29
AX38yo7Wuws_81_91,300.0,29
Rm-RnxN4oHA_215_225,300.0,29
AQhiE_NL6yY_91_101,300.0,29
SRzoLVNgHoI_56_66,300.0,29
WyIqGyj21Dk_0_10,300.0,29
XNzXXiE6qR4_0_10,300.0,29
WqQonRVs7WA_0_10,300.0,29
6QbhfbLUtQs_13_23,300.0,29
Xvy21KrDv8I_0_10,300.0,29
WpB4-eLyiBc_10_20,300.0,29
6t0BpjwYKco_230_240,300.0,29
WWf0Z6ak3Dg_5_15,300.0,29
6t0BpjwYKco_59_69,300.0,29
GnwKcpfr_ng_47_57,300.0,29
Y4BeJ-64294_20_30,300.0,29
ViM0JjUoqRw_10_20,300.0,29
Nd45qJn61Dw_0_10,300.0,29
VfqlfprZsaQ_75_85,300.0,29
V6Fxclwdfxc_1_11,300.0,29
Ud3Qy8m6OxQ_52_62,300.0,29
9Q0JfdP36kI_23_28,300.0,59
5PpPOGU_0aA_65_75,300.0,29
YJ2aGe7CLBo_25_35,300.0,29
5OuYhq6Zl0g_0_10,300.0,29
YXixZrSxefk_49_59,300.0,29
UbmZAe5u5FI_88_98,300.0,29
UbmZAe5u5FI_60_70,300.0,29
57C93mpt6Xo_358_368,300.0,29
4R-tumAGrtU_12_22,300.0,29
ACK7SekJWts_140_150,300.0,29
V6Fxclwdfxc_56_66,300.0,29
CjvMNwpAFWM_56_66,300.0,29
1dA1RQgPN3c_72_82,300.0,29
X7sQq-Iu1gQ_12_22,300.0,29
Ixw6wmoC_xg_60_70,300.0,29
DGQL5lx-mwE_2_12,300.0,29
DIToA1dDwGQ_32_42,300.0,29
eZLxohGP4IE_15_25,300.0,29
dJ3ba9zwx6c_5_15,300.0,29
-rvjK0lE3z4_33_43,300.0,29
crfrKqFp0Zg_15_25,300.0,29
FHwC2THZJfA_0_10,300.0,29
DLcuZ-HnHZc_0_10,300.0,29
KUc1cWKXjDc_20_30,300.0,29
-pUwIypksfE_13_23,300.0,29
drsPD5fI1IA_170_180,300.0,29
E61HNXjgyqA_22_32,300.0,29
L8h2DazQZJY_0_10,300.0,29
Jxw16bqzVqE_18_28,300.0,29
Ixw6wmoC_xg_116_126,300.0,29
J8cP93yG1Ao_14_24,300.0,29
Gn4Iv5ARIXc_83_93,300.0,29
-_hbPLsZvvo_323_328,300.0,59
-YI0cxuNcq8_262_272,300.0,29
HkpUWzNNVt4_20_30,300.0,29
fIaLVw_Gc_w_99_109,300.0,29
HZqscSWtHmo_24_34,300.0,29
emblM4a76jg_5_15,300.0,29
IhwPQL9dFYc_78_88,300.0,29
-Cv5LsqKUXc_71_76,300.0,59
n2NLoLNecgI_168_178,301.0,30
j7xz1nos-xc_10_20,301.0,30
gbW9f8xydks_0_10,301.0,30
R24RktgUi-s_5_15,301.0,30
MqS82kBtUHQ_0_12,301.0,25
X_NLV2KCnIE_60_70,301.0,30
xtbsD3PUua4_84_94,301.0,30
muI1BFsdbdo_33_45,301.0,25
HZ-BuDDmvVk_0_10,301.0,30
ZDoy9S82ETA_5_15,301.0,30
_JVxurtGIhI_32_42,301.0,30
FwCmcZpkk-k_22_32,301.0,30
mYzajpeAWuA_100_112,301.0,25
Z-An1QQ66f0_13_25,301.0,25
Ea0thGZKPXA_25_35,301.0,30
EqOGzNkekMk_5_15,301.0,30
Jfu-WkuCgD0_140_150,301.0,30
Sj6GSmDpNDw_0_12,301.0,25
Yh2N6ZtRBdU_110_120,301.0,30
4xVGpDmA4lE_23_33,301.0,30
r0E-0ntoNWo_20_30,301.0,30
6GJ1DNOGDAM_223_233,301.0,30
eyMYc-37Sk4_0_10,301.0,30
q7pOFn8s4zc_263_273,301.0,30
7ZE2OzguWHo_28_38,301.0,30
x68Djm_Q0GA_0_10,301.0,30
IiTzJQE67FA_36_46,301.0,30
R3a9r8qFlhQ_0_12,301.0,25
pcjuCotJYj8_50_62,301.0,25
45AGQSbodbU_5_15,301.0,30
QA_JTtM1hKA_5_15,301.0,30
ht2oIYBSoI0_9_21,301.0,25
ao-9B8IV9_E_175_187,301.0,25
i3cHNObcEh8_0_10,301.0,30
bAYIIlX-WWw_5_15,301.0,30
s1ZABV7AQdA_38_48,301.0,30
h0JvF9vpqx8_213_223,301.0,30
0sUL0KCIc48_15_25,301.0,30
Oq3FV_zdyy0_843_855,301.0,25
P2WM91LENgk_40_50,301.0,30
p3J3TAdKAYQ_0_10,301.0,30
xy9LLUUZ6ic_50_60,301.0,30
nb12bAaKzvA_0_10,301.0,30
o4pL7FObqds_137_147,301.0,30
hFERWnoc-nU_0_12,301.0,25
hxZ-5wELSJM_0_12,301.0,25
ceOXCFUmxzA_100_110,301.0,30
tZmDWltBziM_70_80,301.0,30
izU1dDwnuMY_80_92,301.0,25
e-j59PqJjSM_163_173,301.0,30
gjVBEJGHrXk_26_38,301.0,25
BVilbVCo9sU_1_11,301.0,30
oBt257I-pL0_0_10,301.0,30
t4aPGtx7e6k_0_10,301.0,30
06CbMa0kDr8_3_13,301.0,30
_o1UXSxTjfo_68_80,301.0,25
MdOAr_4FJvc_5_15,301.0,30
30GeJHYoerk_63_75,301.0,25
sJC7E06IBXI_49_59,301.0,30
RJNBxdDQOw4_13_26,302.0,25
ZK4W-2ifl6I_1_28,304.0,46
LwvyrDxM2G0_0_11,314.0,30
5x_OGEdO6Z8_0_21,316.0,15
88p7U5CnoYU_1_10,316.0,59
uAaWVeaYLdQ_1_12,319.0,30
N2Cm0SLr0ZE_18_29,322.0,29
BVy9SQI5R68_0_7,325.0,46
9xVqwy_4pmQ_36_49,325.0,24
oDcd2JbOyzg_85_98,326.0,25
TsagxA4DKuc_28_41,326.0,25
mv89psg6zh4_33_46,326.0,25
Sg5rTYrkpnU_35_48,326.0,25
9QI8cgBSGo8_28_41,326.0,25
2LgrGHWSy6k_122_135,326.0,25
clKtfGBVI1I_15_28,326.0,25
a1i6T160REQ_5_18,326.0,25
rKF0ZW34FRk_41_54,326.0,25
Jag7oTemldY_12_25,326.0,25
zpgW7m7_LZw_2_15,326.0,25
NoCgvH4xZHo_240_251,330.0,29
UbmZAe5u5FI_44_55,330.0,29
Kxa0mnDj0bs_113_124,330.0,29
CulG2SMC7DU_14_25,330.0,29
BnJUWwSx1kE_11_22,330.0,29
DIebwNHGjm8_27_38,330.0,29
r0rmrbTb7fU_98_109,330.0,29
KPPCwmU5OHQ_227_238,330.0,29
pGCRurvXQGM_45_56,330.0,29
klFyrnrUSck_25_36,330.0,29
sWqi41wyXcQ_68_79,330.0,29
sXyjCgR0rAc_0_11,330.0,29
nq4hG6qgyPs_240_251,330.0,29
nq4hG6qgyPs_184_195,330.0,29
A6XrTsLsUbA_4_15,330.0,29
DvYN53KBDr0_51_62,330.0,29
9W6aQNcU3PA_92_103,330.0,29
HqbVbPvlDoM_0_11,330.0,29
ObBss94n3gI_35_46,330.0,29
otLEUwHao_E_140_151,330.0,29
eZLxohGP4IE_190_201,330.0,29
-vKO3uSG6Do_3_14,330.0,29
5XxshEdcfAM_96_107,330.0,29
bkazguPsusc_74_85,330.0,29
_WRC7HXBJpU_414_425,330.0,29
3ytUOoa1SBE_12_23,330.0,29
Ylb4pnW-jP4_102_113,330.0,29
eZLxohGP4IE_147_158,330.0,29
bb6V0Grtub4_174_185,330.0,29
0lh_UWF9ZP4_215_226,330.0,29
wX-Bl25Htag_104_115,330.0,29
jcRCn7MeSbo_71_82,330.0,29
cJOZp2ZftCw_1_12,330.0,29
jcIrD7rNvTM_10_21,330.0,29
0xx13BuvVmo_25_36,330.0,29
hJuqBDw_TT4_14_25,330.0,29
e3XkmpNcSt4_8_19,330.0,29
pfQPRXcihkI_127_138,331.0,30
eoP-SCgYM2w_49_60,331.0,30
e-j59PqJjSM_405_416,331.0,30
r2oI9Y-3wAo_21_28,331.0,47
CHVhwcOg6y8_1_12,331.0,30
p69d3UBdpR8_98_109,331.0,30
YAud4eS3DoA_54_65,331.0,30
8HB7ywgJuTg_131_142,331.0,30
5HAf_INrFy0_3_25,331.0,15
w28TljSqtW8_64_75,331.0,30
xtbsD3PUua4_174_185,331.0,30
OaBmAg6gz30_4_18,333.0,49
6KS8R3RxrV8_0_23,334.0,43
xBePrplM4OA_6_18,334.0,30
dhxE9CNeVeY_0_12,335.0,29
C9vRgZDxTv4_26_33,336.0,47
1qV4wfjTYIo_151_164,336.0,29
z9qbQX4J_2g_0_14,337.0,24
gbbRwBZuhzI_26_40,337.0,24
QzcTlEpAigQ_0_14,340.0,24
ecVwxlXc1PQ_0_12,343.0,29
PugziVUikEg_117_140,345.0,14
MPuKVz3sjBA_1_12,345.0,31
UgUFP5baQ9Y_0_7,350.0,49
s9TklvyLFyI_177_191,350.0,24
sBjr8UJOpsQ_181_195,351.0,25
bSrpvMSuhPM_17_31,351.0,25
AjZ-R3LFMzo_24_38,351.0,25
FTh5zPk34bQ_16_30,351.0,25
81fABEiwcIM_31_45,351.0,25
zYcY4mjLpxU_104_118,351.0,25
Pgm-mOQu2MM_48_62,351.0,25
DcDYRpa34W8_11_25,351.0,25
auFXfsCzAvQ_1_15,351.0,25
LwicaralvS0_90_104,351.0,25
J4otiwOjQy8_98_112,351.0,25
RX6NSOuCCAE_13_27,351.0,25
eTnlw7v8ea0_36_50,351.0,25
K6xy6C-Hsa0_2_28,357.0,29
cFzSEIGrEfA_0_24,359.0,15
_O9kWD8nuRU_37_43,360.0,59
PJnJMp2ZpbA_3_15,360.0,29
-_hbPLsZvvo_269_275,360.0,59
_6OTzzK7t9Y_158_170,360.0,29
Qjbcibrv3L0_26_32,360.0,59
_O9kWD8nuRU_70_76,360.0,59
-_hbPLsZvvo_19_25,360.0,59
_O9kWD8nuRU_50_56,360.0,59
ZdNP0dXCx2I_78_90,360.0,29
ogcqFaNbah4_475_487,360.0,29
b4FM9OLBGyM_37_49,360.0,29
jjl2ZMdFCsw_130_142,360.0,29
-DKuLXYoY3g_14_20,360.0,59
kWLNZzuo3do_17_23,360.0,59
bxDlC7YV5is_0_12,360.0,29
8yS2wqwActs_2_14,360.0,29
u_6tre9_99Q_13_25,360.0,29
UdcObAQ5OOM_15_30,360.0,23
kWLNZzuo3do_147_153,360.0,59
778mkceE0UQ_40_46,360.0,59
JpjAgSvr42k_0_12,360.0,29
s-XjRDsYuzU_0_12,360.0,29
kWLNZzuo3do_145_151,360.0,59
lrZxpneS6Gk_0_12,360.0,29
kWLNZzuo3do_56_62,360.0,59
6t0BpjwYKco_217_229,360.0,29
Ms3QdGIzltU_1_16,360.0,23
kWLNZzuo3do_77_83,360.0,59
-_hbPLsZvvo_49_55,360.0,59
05gNigkqfNU_11_23,360.0,29
kWLNZzuo3do_31_37,360.0,59
7uOiiA4Kxbo_23_35,360.0,29
30PpKtVT8Z4_35_50,361.0,24
aN0WsBcja_E_0_15,361.0,24
IiTzJQE67FA_74_86,361.0,30
7d1d2WlEnKs_0_12,361.0,30
-t-ZWaJeH-o_0_15,361.0,24
Vn0Xv0fb1z4_18_30,361.0,30
sTMlQSbAGfE_0_12,361.0,30
Uc63MFVwfrs_360_372,361.0,30
IHIa75B9AhI_2_26,361.0,15
9fkS7wqrzAY_13_25,361.0,30
g36ho6UrBz0_5_20,361.0,24
HkuOqWzXYVg_0_12,361.0,30
4QYPZM01xFE_14_26,361.0,30
v4_AzQSnmY4_40_55,361.0,24
yOnRm3TP6hM_0_12,362.0,30
O_Pst-uryQI_1_14,362.0,30
p9g06ktIkJg_4_11,364.0,51
O9cOSO9L8Zs_1_16,367.0,25
bXsKw3TOQXs_30_55,375.0,14
pzq5fPfsPZg_145_160,375.0,24
D1tTBncIsm8_725_740,376.0,25
ePujnD4qJO0_62_77,376.0,25
QzulzuWr0Zw_20_45,376.0,15
RvJH_POzxmc_10_25,376.0,25
jTaLGh_MKCM_5_20,376.0,25
f-24IxG9ijw_25_40,376.0,25
tqxRDVKtkSY_30_45,376.0,25
5fq9iIxxA1s_12_27,376.0,25
qvSxiVV7jhw_0_15,376.0,25
_yUiusXxfWI_150_165,376.0,25
n_Z0-giaspE_168_193,376.0,15
W8l_ezoU8Lc_55_70,376.0,25
SzEbtbNSg04_70_85,376.0,25
OKBLPpAPp9c_2_17,376.0,25
dZBIdRGKRhM_13_32,381.0,20
fgWFxFg7-GU_10_26,384.0,23
SULWQEAErKw_13_26,389.0,29
5JSbxHECb-I_97_110,389.0,29
d4AGWnHJcaY_6_19,389.0,29
4zPSShqsq-o_3_16,390.0,29
s20OlIRK340_125_138,390.0,29
xBW_uR3kGr4_42_55,390.0,29
gMqKUPeTAkg_17_30,390.0,29
rlQ2kW-FvMk_66_79,390.0,29
YEmS8ZQIhTA_7_20,390.0,29
VxM96IYzw0Q_2_15,390.0,29
GtrTNldo0LI_33_46,390.0,29
zFIn8DeV5PM_20_33,390.0,29
x_8RiVI6rH8_41_54,390.0,29
HYbEf-JKZnA_13_26,390.0,29
zSPBC8EO6dY_97_110,390.0,29
JsD6uEZsIsU_45_58,390.0,29
ok4cM6WTA5E_120_133,390.0,29
EjAoBKagWQA_132_145,390.0,29
_WRC7HXBJpU_451_464,390.0,29
xdhLQCYQ-nQ_50_63,390.0,29
tn1d5DmdMqY_15_28,390.0,29
rNSAmHPYHjA_60_73,390.0,29
0GXq1An3yHI_22_35,390.0,29
klFyrnrUSck_87_100,390.0,29
BvHnDAsMtUA_0_13,391.0,30
e-j59PqJjSM_264_277,391.0,30
kIZanu909lw_67_80,391.0,30
Rf0TUCA3XNs_3_16,391.0,30
9d57lHEsLU8_1_14,391.0,30
k5OKBX2e7xA_19_32,391.0,30
04Gt01vatkk_308_321,391.0,30
jxdubZzQrio_33_46,391.0,30
Zg0p5TXi_Cc_30_46,401.0,25
uZEGu-TA2cU_42_58,401.0,25
3opDcpPxllE_50_66,401.0,25
cmQ3SiIaWy4_4_20,401.0,25
zTn-nNj5Bng_61_77,401.0,25
c_-eFL7Sfw4_19_35,401.0,25
IEQyCcageGg_99_126,406.0,15
pRpeEdMmmQ0_1_18,409.0,24
CGllPWAwmUo_1_15,419.0,29
IhwPQL9dFYc_61_75,419.0,29
itxzpFW1z7E_22_36,419.0,29
2F9jX7u5nOg_83_97,419.0,29
WTf5EgVY5uU_121_135,419.0,29
-_hbPLsZvvo_172_179,420.0,59
-_hbPLsZvvo_18_25,420.0,59
GPyFZMJ5Dow_56_70,420.0,29
-_hbPLsZvvo_19_26,420.0,59
X56XkGFe7OY_47_61,420.0,29
j1Z890_Q3so_131_138,420.0,59
QGgJlHi3tjw_1_15,420.0,29
Q7H9mI9dtMY_20_34,420.0,29
_O9kWD8nuRU_16_23,420.0,59
kWLNZzuo3do_206_213,420.0,59
kWLNZzuo3do_24_31,420.0,59
bmvD4HlPFxg_20_27,420.0,59
QHkvBU8diwU_1_18,420.0,24
yyxtyCaEVqk_250_264,420.0,29
YmXCfQm0_CA_68_75,420.0,59
YmXCfQm0_CA_50_57,420.0,59
ACOmKiJDkA4_130_144,420.0,29
YmXCfQm0_CA_277_284,420.0,59
kWLNZzuo3do_86_93,420.0,59
DDtX5a-OgLQ_1_15,420.0,29
kWLNZzuo3do_25_32,420.0,59
nBFhvrAOFqY_89_103,420.0,29
AXL1oMdCFUM_45_59,421.0,30
3qqEKTPxLNs_1_15,421.0,30
4s_0-zIWEog_1_15,421.0,30
X6uJyuD_Zso_3_17,421.0,30
NMlKMfiHSho_1_15,421.0,30
fHfpMUDrQCs_17_31,421.0,30
N6SglZopfmk_97_111,421.0,30
ri5AyXzxb4o_201_215,421.0,30
EKL6elkbFy0_16_30,421.0,30
lm0z7eLsbbw_9_23,421.0,30
yU5sxW9bErQ_0_17,423.0,25
suj4VNfZz5E_33_50,426.0,25
eb-Zp4pJLKk_2_19,426.0,25
oDcd2JbOyzg_38_55,426.0,25
onxE6PpEXes_8_25,426.0,25
RjpbFlOHFps_8_25,426.0,25
dJEoDaA6VXc_1_19,428.0,25
gCra4qOrjFw_1_17,440.0,29
zzit5b_-ukg_5_20,444.0,29
nYwbAb0QvBE_195_210,449.0,29
-wa0umYJVGg_100_115,449.0,29
5XxshEdcfAM_85_100,449.0,29
B-Lsf7ZKf5c_10_25,449.0,29
DIebwNHGjm8_133_148,449.0,29
PBHZtoygOYg_450_465,450.0,29
UxhKb-zZoWE_0_15,450.0,29
3lBHYoI5V8s_30_45,450.0,29
ggic669elLM_200_215,450.0,29
L6dEUQ6WiHY_171_186,450.0,29
e-sf-hyrkTs_20_35,450.0,29
M_TP6UTrh30_343_358,450.0,29
RiglOfJon8I_3_18,450.0,29
YwmUgVrUJ4I_0_15,450.0,29
sMscRb9TcQE_146_161,450.0,29
rl1rVk_xIOs_1_16,450.0,29
JIKaIriiK8w_0_15,450.0,29
fjDvKHkmxs0_72_87,450.0,29
jvxUeT1Nlb8_100_115,450.0,29
G-M78KIy19E_315_330,450.0,29
b71bI0rH1g8_75_90,450.0,29
fGc6_D0JEIQ_31_46,450.0,29
bL_Kijz9IN4_0_15,450.0,29
1dfR0A_BXjw_545_560,450.0,29
WAa4-cctmDk_55_70,450.0,29
1dYpcVv6n3Y_0_18,451.0,25
YersIyzsOpc_15_30,451.0,30
aM-RcQj0a7I_37_55,451.0,25
z0Si1XxMibg_0_30,451.0,15
tHLiYTS9Iz8_1_16,451.0,30
fY0lZTWlBAg_470_485,451.0,30
MHWxjWwAbwM_10_25,451.0,30
kEGmZDpZ_RE_352_370,451.0,25
PTxHJMM6hHE_0_15,451.0,30
5P6UU6m3cqk_57_75,451.0,25
kSzS_lFtJDk_55_70,451.0,30
ficwZQYmRLE_5_20,451.0,30
4lXdVS697DQ_10_25,451.0,30
umjc1CkO4JA_290_305,451.0,30
KFt5Zz5Mwlo_12_30,451.0,25
vZa13vJugGU_0_30,451.0,15
7xNG7qGY9rw_14_29,451.0,30
rwHT2SuNOi8_240_255,451.0,30
WEJfT-oB4v4_20_35,451.0,30
ZsrPKtx0qyg_7_15,460.0,57
mJ9eRvxjLc4_0_16,461.0,29
O2qiPS2NCeY_2_18,463.0,28
7M-jsjLB20Y_11_30,467.0,25
xpOYXbMDDBY_1_20,475.0,24
cM55xNJ_pfU_1_20,476.0,25
ub-aYLzCF_Q_1_10,478.0,53
6t0BpjwYKco_15_31,479.0,29
2F9jX7u5nOg_114_130,479.0,29
4PayIIIOeIs_230_238,480.0,59
v_tGw5gwlEw_136_152,480.0,29
kWLNZzuo3do_262_270,480.0,59
9Q0JfdP36kI_19_27,480.0,59
uxEhH6MPH28_69_85,480.0,29
2jXxtQRy47A_30_38,480.0,59
X4yzrIc072w_4_20,480.0,29
9Q0JfdP36kI_56_64,480.0,59
vfktGc_qx-w_2_18,480.0,29
C12BRGGcd5E_101_117,480.0,29
-Cv5LsqKUXc_17_25,480.0,59
-_hbPLsZvvo_211_219,480.0,59
e996zZ0uV_A_196_204,480.0,59
d7Gs0uGFLh0_5_13,480.0,59
nc0fVlaTYEs_34_44,480.0,47
MTkGPfMRXtc_5_21,480.0,29
CgWYN5e9K10_30_62,480.0,14
0I4VKj4d0WI_24_40,480.0,29
4ikH9ZRcF2Q_89_105,481.0,30
Xwrl4htUPjo_22_38,481.0,30
mCrRHP4LFmo_24_40,481.0,30
NKtfKR4GNjU_0_20,481.0,24
buJ5HDCinrM_150_166,481.0,30
AoNnzlGhI04_112_128,481.0,30
B7mP4zoDMwM_0_17,483.0,29
UgUFP5baQ9Y_0_10,500.0,49
unhiT2D6WvE_0_20,501.0,25
dJCtOz32dnw_40_60,501.0,25
vulNlhUI6m0_7_27,501.0,25
c2a0GcoJAjw_52_73,501.0,23
SzEbtbNSg04_28_48,501.0,25
JntMAcTlOF0_50_70,501.0,25
b-d-CxHaKGU_10_30,501.0,25
sBjr8UJOpsQ_149_169,501.0,25
nc8hwLaOyZU_1_19,502.0,59
hSgGBHbJrmE_0_17,506.0,29
F1BwUJ4--Qw_21_38,509.0,29
IhwPQL9dFYc_153_170,509.0,29
TFJ6oR89Vb8_90_107,509.0,29
aeA-HN7BMdo_16_33,510.0,29
_OBlgSz8sSM_15_32,510.0,29
DB-3-TVjrxU_58_75,510.0,29
6vC6AT27RUc_29_46,510.0,29
zWVQImPY2Cc_27_44,510.0,29
WrsS6X-FB-I_30_47,510.0,29
JMUAylpXzG0_45_62,510.0,29
04Gt01vatkk_248_265,511.0,30
PNMsPz1701c_3_20,511.0,30
v7NpKUVqjpI_23_40,511.0,30
q8t7iSGAKik_57_74,511.0,30
c51L6ZxZGjQ_137_154,511.0,30
ZlX_Gy4HP2E_38_55,511.0,30
Uc63MFVwfrs_355_372,511.0,30
c2a0GcoJAjw_107_129,525.0,23
UI3Cbj9fbxQ_2_23,526.0,25
WTf5EgVY5uU_58_76,539.0,29
-wa0umYJVGg_139_157,539.0,29
WTf5EgVY5uU_218_236,539.0,29
Sq7Vt6KC9Yg_17_35,539.0,29
-wa0umYJVGg_23_41,539.0,29
bSIjZ75a50s_286_304,540.0,29
kWLNZzuo3do_38_47,540.0,59
BE_uxYK9uz0_150_168,540.0,29
jjl2ZMdFCsw_17_35,540.0,29
kWLNZzuo3do_251_260,540.0,59
YmXCfQm0_CA_7_16,540.0,59
4D1o4FC8YbA_207_216,540.0,59
tPkZK-PzeQE_10_28,540.0,29
DN7jwyL1Xgg_1_19,540.0,29
VU4qLrk5axA_40_58,540.0,29
BR4yQFZK9YM_101_110,540.0,59
8sARjdhSvpo_167_176,540.0,59
qNjeEx92rTA_281_299,541.0,30
2FLsMPsywRc_45_63,541.0,30
62I8I4sCPPQ_12_30,541.0,30
SzEbtbNSg04_71_93,551.0,25
Q-soOsOLIGQ_0_22,551.0,25
pNelR-nHz7g_68_90,551.0,25
TjLCJKoot4U_43_65,551.0,25
77iDIp40m9E_159_181,551.0,25
Vg1jyL3cr60_163_186,552.0,23
_sJ_09Mf1HY_49_72,552.0,23
xGdoi3W3Z4o_2_40,564.0,15
kBMsuhDvg88_45_64,569.0,29
xSmfK498DjI_1_20,569.0,29
btxCxlO1Euc_1_20,570.0,29
bmxIurBrW5s_51_70,570.0,29
k9Brw_0gncU_14_33,571.0,30
O9yLRzpPp44_36_55,571.0,30
BVjvRpmHg0w_231_250,571.0,30
lv8d_qLLqsk_1_20,571.0,30
sT5Bzt9w354_11_34,576.0,25
He7Ge7Sogrk_47_70,576.0,25
fkONJEgTNJY_25_35,581.0,58
WeOU0Iba1Xg_1_30,581.0,20
otvx5OZHTJc_1_22,588.0,29
WTf5EgVY5uU_32_52,599.0,29
4D1o4FC8YbA_29_39,600.0,59
f9Won2JpOEU_60_80,600.0,29
jD4o_Lmy6bU_117_137,600.0,29
fvBs0xpEZhQ_10_30,600.0,29
a-cek0mvXxE_15_25,600.0,59
_O9kWD8nuRU_25_35,600.0,59
fX5G_JwPlLo_640_660,600.0,29
GcfWD62sbcs_13_33,600.0,29
HxRK-WqZ5Gk_30_50,600.0,29
oSnYUfCGiCA_7_17,600.0,59
ScdUht-pM6s_53_63,600.0,59
9wxB1UQi0MM_18_38,600.0,29
9OxQ-2gR1DU_18_38,600.0,29
pW9DFPqoIsI_26_50,601.0,25
o4pL7FObqds_243_263,601.0,30
NaX51emUDn4_0_20,601.0,30
ITNh8tWZPOA_5_25,601.0,30
q8t7iSGAKik_11_31,601.0,30
Eamd2wMKixs_48_72,601.0,25
N5wsl86P37Q_1_15,617.0,49
wLUH7qA_6sA_90_115,626.0,25
1N_Ic2pBM1o_2_23,630.0,29
mFCf8lLXrUc_36_57,630.0,29
Gh4Beb8StFM_29_50,630.0,29
JsmHZlUgf1w_0_21,631.0,30
haJn6k5zVnE_1_23,660.0,29
YmXCfQm0_CA_109_120,660.0,59
e996zZ0uV_A_152_163,660.0,59
iEW-EkPQywU_61_83,660.0,29
kWLNZzuo3do_154_165,660.0,59
ljGcQocjSs4_38_60,661.0,30
CTIKmoEigCI_3_30,676.0,25
MWvCcwTw7Ac_154_181,676.0,25
6t0BpjwYKco_261_284,689.0,29
0IDJG0q9j_k_1_24,689.0,29
ecm9gf2Pgkc_1_24,690.0,29
O9yLRzpPp44_167_190,691.0,30
3n_Kqak2JdA_48_71,691.0,30
4yYapi-5QYQ_33_57,717.0,29
kI6MWZrl8v8_149_161,720.0,59
-_hbPLsZvvo_43_55,720.0,59
RWWvWFeE6_Q_2_26,720.0,29
kWLNZzuo3do_152_164,720.0,59
pfQPRXcihkI_160_184,721.0,30
DJWmm_Q9WvY_1_25,721.0,30
kNHivduxQWg_0_14,729.0,57
LF51fban_x4_300_325,748.0,29
SaYwh6chmiw_15_40,748.0,29
aCKNdip53W4_0_25,750.0,29
zH4v_DClIoc_3_28,750.0,29
WTx-K045yQM_85_98,779.0,59
ApYvvQK7bBc_6_32,780.0,29
1sffYOXq4Iw_23_49,780.0,29
zMg9dChF97A_12_38,781.0,30
s20OlIRK340_147_174,810.0,29
veE0E79dEEc_18_45,810.0,29
vMoOpQQy6sI_22_55,826.0,25
ysTmUTQ5wZE_17_45,828.0,30
hPyU5KjpWVc_0_35,829.0,24
9HDUADeA2xg_3_31,838.0,29
kWLNZzuo3do_167_181,839.0,59
9WpJxn-2h1o_122_150,840.0,29
tYQ7O6V0Fvk_20_55,841.0,24
seTkGZlEU64_81_110,870.0,29
OUII8_aOfNM_26_55,870.0,29
aDjNl5gs4nM_18_47,870.0,29
kEGmZDpZ_RE_295_330,876.0,25
pUPKsHTDZTo_70_85,899.0,59
gGDtPJzh_0s_30_45,899.0,59
ifS2nXfCyYo_4_34,900.0,29
0piwbTivpDg_10_40,901.0,30
wzfkC2TjdeQ_0_31,927.0,29
WG0J2B19ZT8_1_33,929.0,30
yyxtyCaEVqk_329_360,930.0,29
YXixZrSxefk_17_48,930.0,29
5CU2JhYM8tY_14_45,930.0,29
htWPOGTagec_2_18,943.0,58
6sYmDT5et00_301_339,951.0,25
YmXCfQm0_CA_140_156,959.0,59
io2dbV-Qbus_215_247,961.0,30
rXZy-PHtnxg_8_42,994.0,30
MF88IYF2MHY_25_59,999.0,30
vpR0L3sIvoo_15_49,1019.0,29
-_hbPLsZvvo_288_305,1019.0,59
d1zdJO3CqVw_1_35,1021.0,30
08pVpBq706k_175_212,1033.0,27
ry7AUQtuwdU_4_39,1049.0,29
PiyoeFC31kE_9_27,1079.0,59
LSuVRWPoHr0_0_37,1092.0,29
ghynaoVNwZc_1_20,1107.0,58
kEGmZDpZ_RE_248_293,1126.0,25
zuYZ5kPatJE_78_116,1141.0,30
fKqBnl8D1Qo_5_44,1169.0,29
mtrCf667KDk_134_176,1259.0,29
EA-J-Y6QjUo_40_61,1259.0,59
nV3Wv8iHp4U_0_38,1280.0,39
Hu9Sq1RvuoA_19_62,1289.0,29
eiyuac7hA4A_4_47,1291.0,30
JsD6uEZsIsU_1_47,1379.0,29
fw8qvK67jYY_50_97,1401.0,29
qqYysi3qotc_148_195,1411.0,30
A_nCfAbXjoM_8_56,1422.0,29
e-j59PqJjSM_50_98,1441.0,30
yFPHhRat6bc_160_210,1501.0,30
5dv8MSWlxoQ_10_40,1798.0,59
D2FbgK_kkE8_121_151,1798.0,59
wON-YuA1GjA_3_63,1799.0,29
